Order ID,Order Date,Customer Name,Customer ID,Product,Category,Region,Quantity,Sales,Profit,Discount
ORD-100001,11/24/2024,Lisa Hernandez,CU-10140,Wireless Binders F,Office Supplies,South,3,2246.52,82.22,0.15
ORD-100002,12/11/2023,Joseph Davis,CU-10003,Standard Machines E,Technology,Central,12,5284.08,1619.27,0
ORD-100003,06/26/2024,William Gonzalez,CU-10059,Basic Envelopes B,Office Supplies,West,7,5549.18,1272.62,0
ORD-100004,11/01/2024,James Perez,CU-10201,Compact Monitors F,Technology,South,11,763.18,284.12,0
ORD-100005,09/01/2023,Patricia Brown,CU-10208,Ergonomic Copiers D,Technology,South,5,2708.95,1001.54,0.15
ORD-100006,03/23/2023,Emily Taylor,CU-10215,Basic Chairs D,Furniture,South,8,5917.36,1375.64,0
ORD-100007,07/11/2023,Joshua Jackson,CU-10168,Compact Furnishings C,Furniture,South,11,4838.68,-261.41,0
ORD-100008,01/10/2024,Joseph White,CU-10018,Ergonomic Storage E,Office Supplies,South,8,166.21,11.13,0.2
ORD-100009,06/25/2023,Jessica Lopez,CU-10061,Eco Envelopes A,Office Supplies,South,5,1052,165.99,0.2
ORD-100010,04/11/2024,Steven Thompson,CU-10079,Compact Supplies C,Office Supplies,Central,8,5344.96,1064.66,0
ORD-100011,04/23/2023,Anthony Brown,CU-10213,Executive Machines D,Technology,South,8,2718.64,0.79,0
ORD-100012,01/07/2023,Margaret Lewis,CU-10181,Basic Accessories F,Technology,East,12,4507.68,541.29,0
ORD-100013,06/23/2024,William Lewis,CU-10209,Standard Accessories B,Technology,Central,12,4697.53,-63.11,0.3
ORD-100014,09/19/2023,John Clark,CU-10120,Standard Furnishings F,Furniture,South,6,1179.12,116.4,0
ORD-100015,11/11/2024,Sandra Ramirez,CU-10087,Deluxe Bookcases D,Furniture,East,5,2447.32,-362.55,0.15
ORD-100016,01/20/2023,Emily Taylor,CU-10215,Ergonomic Phones C,Technology,East,7,3207.4,755.45,0
ORD-100017,05/29/2023,Ashley Harris,CU-10152,Basic Office Desks F,Furniture,East,7,3122.48,-188.72,0.3
ORD-100018,11/24/2023,Donna Garcia,CU-10185,Professional Tables E,Furniture,Central,5,1901.06,207.05,0.3
ORD-100019,11/15/2023,Sandra Rodriguez,CU-10021,Premium Laptops F,Technology,South,1,49.55,12.45,0
ORD-100020,09/16/2023,Michelle Ramirez,CU-10028,Basic Fasteners F,Office Supplies,South,8,3690.96,355.77,0
ORD-100021,01/15/2023,Richard Garcia,CU-10069,Ergonomic Copiers D,Technology,Central,6,1863.08,525.67,0.3
ORD-100022,06/02/2024,Karen Johnson,CU-10110,Professional Bookcases A,Furniture,Central,6,1827.23,-253.14,0.15
ORD-100023,08/01/2023,Thomas Rodriguez,CU-10170,Basic Paper D,Office Supplies,East,2,798.11,280.08,0.2
ORD-100024,12/21/2023,Christopher Jones,CU-10029,Executive Monitors A,Technology,West,3,1374.18,490.26,0
ORD-100025,12/31/2023,Betty Robinson,CU-10092,Premium Supplies F,Office Supplies,West,5,580.51,237.2,0.15
ORD-100026,10/17/2024,Donald Martinez,CU-10084,Premium Binders A,Office Supplies,South,9,4779.08,1426.95,0.1
ORD-100027,07/14/2024,Emily Taylor,CU-10215,Premium Copiers E,Technology,Central,11,3336.02,-54.27,0.3
ORD-100028,06/27/2023,Betty Hernandez,CU-10005,Deluxe Office Desks C,Furniture,West,4,2471.15,158.27,0.15
ORD-100029,05/15/2024,Paul Lee,CU-10048,Ergonomic Accessories C,Technology,East,5,695.55,148.35,0
ORD-100030,02/22/2023,Daniel Taylor,CU-10044,Ergonomic Furnishings E,Furniture,East,11,1973.31,-47.03,0.2
ORD-100031,06/27/2023,Linda Johnson,CU-10211,Eco Envelopes F,Office Supplies,Central,4,1151.65,425.12,0.15
ORD-100032,01/21/2024,Sarah White,CU-10193,Basic Office Desks E,Furniture,West,12,1904.4,287.34,0
ORD-100033,02/14/2024,William Thomas,CU-10126,Wireless Chairs B,Furniture,West,10,7241,-330.39,0
ORD-100034,11/12/2024,Lisa Martin,CU-10178,Deluxe Bookcases D,Furniture,South,2,1735.8,321.92,0
ORD-100035,05/26/2023,John Lopez,CU-10096,Deluxe Sofas A,Furniture,East,2,270.59,2.74,0.3
ORD-100036,08/05/2024,Steven Martinez,CU-10194,Premium Bookcases E,Furniture,South,1,165.11,-11.58,0
ORD-100037,04/30/2023,Michelle Wilson,CU-10111,Basic Laptops A,Technology,East,4,3537.48,996.74,0
ORD-100038,07/07/2023,Ashley Lewis,CU-10156,Deluxe Tables A,Furniture,East,10,3986.5,-317.99,0
ORD-100039,08/02/2023,Thomas Martin,CU-10085,Deluxe Monitors C,Technology,Central,1,631.22,224.18,0.1
ORD-100040,06/07/2023,Ashley Rodriguez,CU-10137,Basic Chairs D,Furniture,South,11,2915.45,472.68,0.1
ORD-100041,04/28/2024,Jennifer Lee,CU-10065,Wireless Supplies D,Office Supplies,West,6,3616.61,1035.64,0.15
ORD-100042,05/02/2024,Steven Thompson,CU-10079,Ergonomic Phones B,Technology,Central,6,652.56,104.21,0.2
ORD-100043,07/31/2024,Sandra Robinson,CU-10030,Professional Tables F,Furniture,Central,7,1113.28,172.28,0.3
ORD-100044,04/26/2023,Barbara Gonzalez,CU-10064,Wireless Sofas B,Furniture,East,4,497.36,124.06,0
ORD-100045,12/06/2024,Sandra Ramirez,CU-10087,Deluxe Office Desks A,Furniture,West,3,1003.73,229.36,0.2
ORD-100046,08/11/2024,Kimberly Miller,CU-10142,Wireless Machines C,Technology,South,12,2371.44,482.62,0
ORD-100047,01/12/2023,Michael Harris,CU-10172,Premium Copiers E,Technology,East,4,2498.24,747.51,0
ORD-100048,08/18/2024,Kimberly Moore,CU-10195,Deluxe Office Desks A,Furniture,Central,11,474.55,-19.35,0.3
ORD-100049,11/18/2023,Sarah Taylor,CU-10167,Wireless Paper A,Office Supplies,South,7,3034.22,203.1,0
ORD-100050,09/14/2024,John Brown,CU-10097,Premium Bookcases E,Furniture,South,1,234.91,23.58,0.3
ORD-100051,02/16/2023,Thomas Miller,CU-10035,Standard Binders B,Office Supplies,South,8,76.09,10.26,0.15
ORD-100052,11/07/2024,Sarah White,CU-10193,Wireless Paper A,Office Supplies,West,7,3271.01,1220.32,0.15
ORD-100053,04/21/2023,Donald Jones,CU-10199,Executive Storage F,Office Supplies,East,10,2174.69,561.03,0.3
ORD-100054,09/30/2024,Donald Martinez,CU-10104,Professional Supplies B,Office Supplies,South,10,2928.8,95.06,0.2
ORD-100055,08/23/2024,Steven Robinson,CU-10186,Wireless Supplies D,Office Supplies,West,10,4720.5,1750.34,0
ORD-100056,02/05/2024,Karen Clark,CU-10103,Basic Laptops A,Technology,Central,6,4692.82,785.29,0.1
ORD-100057,07/04/2023,Robert Thomas,CU-10182,Wireless Machines B,Technology,South,11,3608.68,273.69,0.3
ORD-100058,03/05/2024,Matthew Miller,CU-10135,Eco Office Desks D,Furniture,Central,2,51.65,8.45,0.15
ORD-100059,10/25/2024,Susan White,CU-10082,Executive Supplies A,Office Supplies,South,3,622.19,208.19,0.1
ORD-100060,10/22/2023,Ashley Robinson,CU-10166,Executive Supplies E,Office Supplies,West,4,781.98,193.36,0.3
ORD-100061,09/17/2024,Donald Martinez,CU-10084,Premium Binders A,Office Supplies,East,1,6.87,1.95,0.15
ORD-100062,12/30/2024,Lisa Martin,CU-10178,Basic Envelopes C,Office Supplies,East,12,9973.8,1877.56,0
ORD-100063,10/16/2023,Ashley Harris,CU-10152,Basic Bookcases C,Furniture,Central,2,599.83,101.21,0.1
ORD-100064,01/10/2023,Betty Jones,CU-10187,Wireless Envelopes D,Office Supplies,Central,11,6026.24,2258.41,0
ORD-100065,10/12/2023,Ashley Rodriguez,CU-10137,Ergonomic Accessories C,Technology,Central,9,3533.61,216.12,0.3
ORD-100066,11/30/2023,Margaret Lewis,CU-10181,Ergonomic Art E,Office Supplies,Central,9,6549.01,1527.55,0.15
ORD-100067,02/11/2023,Kimberly Miller,CU-10142,Deluxe Office Desks A,Furniture,Central,1,81.31,10.45,0.1
ORD-100068,10/07/2023,Anthony Brown,CU-10213,Eco Paper B,Office Supplies,West,5,594.85,58.2,0
ORD-100069,03/22/2023,Robert Lewis,CU-10177,Executive Paper C,Office Supplies,West,9,868.73,128.42,0.1
ORD-100070,01/02/2024,Richard Garcia,CU-10069,Professional Tables D,Furniture,East,12,7364.76,1479.03,0
ORD-100071,09/04/2023,Jennifer Harris,CU-10161,Deluxe Envelopes E,Office Supplies,Central,10,1478.56,554.25,0.2
ORD-100072,11/05/2023,Paul Brown,CU-10056,Basic Envelopes C,Office Supplies,South,2,86,13.23,0
ORD-100073,07/01/2023,John Lopez,CU-10096,Eco Envelopes F,Office Supplies,West,12,8537.57,2869.05,0.2
ORD-100074,03/18/2024,John Clark,CU-10120,Compact Monitors F,Technology,West,6,3742.15,322.64,0.1
ORD-100075,06/23/2024,Margaret Thomas,CU-10203,Basic Machines F,Technology,West,10,2562.07,309.75,0.15
ORD-100076,09/01/2023,Donald Williams,CU-10006,Premium Sofas F,Furniture,South,1,650.68,13.41,0
ORD-100077,06/19/2024,Sandra Martinez,CU-10004,Deluxe Envelopes E,Office Supplies,South,1,84.04,33.49,0.3
ORD-100078,02/03/2023,Lisa Williams,CU-10200,Executive Supplies A,Office Supplies,West,8,2498.96,69.93,0
ORD-100079,11/02/2024,Michelle Ramirez,CU-10028,Ergonomic Labels D,Office Supplies,Central,12,8570.76,3197.99,0
ORD-100080,10/28/2024,Richard Robinson,CU-10008,Premium Chairs F,Furniture,South,4,2902.76,57.33,0
ORD-100081,12/24/2024,Susan Thompson,CU-10145,Premium Sofas F,Furniture,West,3,621.51,88.55,0.15
ORD-100082,02/09/2023,Paul Thomas,CU-10090,Eco Fasteners B,Office Supplies,South,12,6220.8,613.87,0
ORD-100083,05/12/2024,Susan Lopez,CU-10012,Premium Copiers E,Technology,East,6,4303.44,1261.81,0.2
ORD-100084,06/10/2024,Ashley Lewis,CU-10156,Ergonomic Art E,Office Supplies,Central,2,174.2,16.82,0
ORD-100085,07/19/2024,Robert Thomas,CU-10182,Eco Paper B,Office Supplies,West,10,4065.8,1061.11,0.15
ORD-100086,10/21/2024,James Ramirez,CU-10075,Ergonomic Accessories E,Technology,Central,12,2861.81,753.01,0.15
ORD-100087,08/08/2023,Matthew Miller,CU-10135,Basic Envelopes B,Office Supplies,Central,9,1141.2,341.67,0
ORD-100088,04/29/2023,David Brown,CU-10086,Executive Laptops E,Technology,South,8,593.86,147.58,0.2
ORD-100089,09/21/2024,Nancy Smith,CU-10002,Professional Copiers F,Technology,West,8,893.57,166.68,0.2
ORD-100090,09/29/2024,Anthony Brown,CU-10025,Deluxe Labels B,Office Supplies,Central,9,6726.42,1024.59,0
ORD-100091,11/27/2023,Susan Lopez,CU-10012,Compact Furnishings C,Furniture,East,10,5035.2,618.05,0
ORD-100092,01/14/2023,Joshua Jackson,CU-10168,Premium Sofas F,Furniture,West,5,1308.25,128.14,0
ORD-100093,03/09/2024,Michael Harris,CU-10172,Wireless Art F,Office Supplies,West,2,1189.44,433.05,0.15
ORD-100094,04/08/2023,Jennifer Harris,CU-10161,Deluxe Bookcases D,Furniture,Central,8,4393.84,297.17,0
ORD-100095,06/12/2023,Robert Lewis,CU-10177,Basic Art A,Office Supplies,South,4,2298.35,906.22,0.1
ORD-100096,10/04/2024,Anthony Anderson,CU-10066,Wireless Sofas C,Furniture,Central,5,1250.84,-64,0.2
ORD-100097,04/22/2024,Sandra Ramirez,CU-10087,Professional Copiers F,Technology,East,4,2528.61,717.12,0.15
ORD-100098,05/11/2024,Thomas Perez,CU-10058,Basic Bookcases C,Furniture,Central,1,226.98,30.84,0.2
ORD-100099,07/27/2024,Sandra Ramirez,CU-10087,Compact Storage C,Office Supplies,East,9,1365.34,344.78,0.1
ORD-100100,12/01/2024,Emily Taylor,CU-10121,Deluxe Tables A,Furniture,West,11,1558.59,342.6,0
ORD-100101,12/25/2024,Steven Thompson,CU-10079,Basic Art A,Office Supplies,South,12,4021.27,866.77,0.1
ORD-100102,02/23/2024,Sandra Martinez,CU-10004,Executive Copiers B,Technology,East,8,5600.7,1913.12,0.2
ORD-100103,12/26/2023,Richard Brown,CU-10155,Ergonomic Storage E,Office Supplies,Central,7,4336.64,1603.32,0.2
ORD-100104,04/02/2023,Ashley Clark,CU-10027,Deluxe Accessories A,Technology,South,5,3972.35,538.63,0
ORD-100105,10/14/2023,Sandra Ramirez,CU-10087,Premium Binders A,Office Supplies,Central,12,8794.56,3078.6,0
ORD-100106,09/13/2024,Robert Lewis,CU-10177,Deluxe Tables A,Furniture,Central,9,410,-23.35,0.3
ORD-100107,05/20/2023,Susan Johnson,CU-10157,Premium Sofas F,Furniture,East,8,6059.28,964.52,0.15
ORD-100108,12/22/2023,Kimberly Martinez,CU-10068,Premium Fasteners E,Office Supplies,Central,12,5494.18,927.69,0.2
ORD-100109,05/15/2024,Christopher Jones,CU-10029,Wireless Sofas B,Furniture,West,9,788.85,-92.36,0
ORD-100110,04/12/2024,Lisa Clark,CU-10205,Executive Furnishings D,Furniture,West,12,2057.24,411.88,0.3
ORD-100111,08/21/2023,Emily White,CU-10149,Premium Sofas F,Furniture,East,9,3972.81,-429.44,0.1
ORD-100112,04/29/2023,Steven Martinez,CU-10194,Professional Bookcases A,Furniture,South,6,584.93,22.1,0.1
ORD-100113,11/08/2023,Betty Robinson,CU-10092,Standard Furnishings B,Furniture,East,4,2193.36,-259.21,0
ORD-100114,03/21/2024,Anthony Sanchez,CU-10210,Eco Envelopes A,Office Supplies,East,5,296.55,59.56,0.1
ORD-100115,02/12/2023,Robert Lewis,CU-10177,Professional Copiers C,Technology,West,5,3346.6,141.1,0.2
ORD-100116,11/02/2023,Richard Garcia,CU-10069,Wireless Chairs B,Furniture,Central,9,2439.81,-164.03,0.15
ORD-100117,05/04/2023,Andrew Anderson,CU-10124,Professional Laptops D,Technology,East,12,5445.6,1830.91,0
ORD-100118,11/17/2024,Christopher Moore,CU-10109,Wireless Phones D,Technology,East,7,2543.39,754.64,0.3
ORD-100119,04/02/2024,Margaret Thomas,CU-10203,Premium Accessories D,Technology,Central,12,4123.8,1077.77,0
ORD-100120,11/24/2023,Ashley Clark,CU-10027,Basic Office Desks F,Furniture,South,1,17.06,2.72,0
ORD-100121,10/14/2023,Elizabeth Martinez,CU-10122,Ergonomic Phones B,Technology,East,11,3935.65,1101.25,0.1
ORD-100122,12/04/2024,Barbara Gonzalez,CU-10064,Premium Fasteners A,Office Supplies,South,11,6798.55,2552.82,0
ORD-100123,02/22/2024,Ashley Rodriguez,CU-10137,Executive Supplies A,Office Supplies,West,8,819.84,323.03,0.3
ORD-100124,01/31/2023,Matthew Miller,CU-10135,Ergonomic Copiers D,Technology,Central,8,1697.9,483.36,0.1
ORD-100125,03/01/2023,Robert Harris,CU-10045,Ergonomic Accessories C,Technology,South,12,8195.39,-119.93,0.15
ORD-100126,05/02/2023,Patricia Davis,CU-10101,Deluxe Labels B,Office Supplies,West,3,1155.58,197.41,0.2
ORD-100127,01/22/2023,Sarah White,CU-10193,Executive Supplies A,Office Supplies,South,9,3847.32,1028.47,0.2
ORD-100128,04/19/2024,Ashley Lewis,CU-10156,Wireless Supplies D,Office Supplies,East,1,734.1,196.64,0.15
ORD-100129,07/09/2023,Donald Thompson,CU-10219,Ergonomic Labels D,Office Supplies,East,8,2900.61,94,0.15
ORD-100130,10/13/2023,Michelle Smith,CU-10160,Compact Bookcases B,Furniture,West,2,1778.56,148.49,0
ORD-100131,01/01/2023,Richard Lewis,CU-10043,Executive Office Desks B,Furniture,South,10,2989.14,386.01,0.3
ORD-100132,11/04/2024,Barbara White,CU-10054,Basic Paper D,Office Supplies,West,2,1279.52,63.28,0
ORD-100133,07/22/2023,Sandra Lopez,CU-10150,Compact Storage C,Office Supplies,South,7,931.07,333.4,0
ORD-100134,07/15/2024,Jennifer Harris,CU-10161,Deluxe Accessories A,Technology,East,6,3362.64,819.02,0
ORD-100135,05/16/2023,Anthony Jackson,CU-10000,Premium Supplies F,Office Supplies,Central,1,760.63,279.39,0.1
ORD-100136,07/26/2023,Charles Rodriguez,CU-10032,Premium Supplies F,Office Supplies,South,7,1818.74,247.9,0.15
ORD-100137,02/03/2024,Steven White,CU-10153,Standard Furnishings B,Furniture,South,1,52.87,2.69,0
ORD-100138,04/01/2023,John Lopez,CU-10162,Basic Storage D,Office Supplies,Central,3,710.18,164.96,0.3
ORD-100139,05/23/2024,Charles Smith,CU-10112,Professional Tables F,Furniture,East,5,319.69,14.18,0.3
ORD-100140,02/26/2023,Michelle Smith,CU-10160,Professional Tables E,Furniture,East,8,1427.12,-132.17,0
ORD-100141,10/15/2023,David Ramirez,CU-10036,Professional Art B,Office Supplies,East,3,256.32,74.07,0.2
ORD-100142,04/17/2023,Christopher Garcia,CU-10165,Basic Accessories F,Technology,West,2,126.26,43.62,0.15
ORD-100143,01/02/2024,Steven Clark,CU-10016,Deluxe Fasteners C,Office Supplies,East,3,2077.46,623.82,0.1
ORD-100144,02/01/2023,Jennifer Lee,CU-10065,Standard Machines E,Technology,Central,1,801.17,224.23,0
ORD-100145,11/30/2024,Emily Sanchez,CU-10107,Premium Supplies F,Office Supplies,East,4,1345.44,560.97,0.2
ORD-100146,06/04/2023,Kimberly Miller,CU-10083,Wireless Binders F,Office Supplies,Central,8,1194.54,245.03,0.3
ORD-100147,06/23/2024,James Taylor,CU-10114,Deluxe Accessories A,Technology,South,6,1134.97,106.83,0.1
ORD-100148,06/22/2023,Linda Robinson,CU-10024,Wireless Sofas C,Furniture,Central,4,2710.14,453.64,0.15
ORD-100149,08/11/2024,Matthew Miller,CU-10135,Ergonomic Machines A,Technology,West,3,1628.93,548.63,0.3
ORD-100150,10/07/2023,Robert Thomas,CU-10182,Executive Storage F,Office Supplies,Central,3,533.61,129.33,0.3
ORD-100151,04/11/2023,Linda Jackson,CU-10180,Premium Accessories D,Technology,Central,2,1564.44,335.13,0
ORD-100152,02/06/2024,Christopher Clark,CU-10099,Basic Laptops A,Technology,Central,12,4120.92,1547.11,0
ORD-100153,04/30/2024,Ashley Clark,CU-10027,Deluxe Fasteners C,Office Supplies,East,1,694.68,288.3,0.2
ORD-100154,07/18/2023,Joseph Davis,CU-10003,Deluxe Furnishings A,Furniture,West,7,817.11,148.82,0
ORD-100155,02/15/2023,Thomas Miller,CU-10035,Ergonomic Accessories E,Technology,West,5,3022.4,376.1,0
ORD-100156,11/06/2024,Linda Smith,CU-10139,Ergonomic Copiers D,Technology,East,5,709.28,112.74,0.2
ORD-100157,02/08/2023,Richard Williams,CU-10198,Wireless Envelopes D,Office Supplies,East,5,1496.85,224.26,0.15
ORD-100158,05/11/2024,Sarah White,CU-10193,Wireless Machines B,Technology,East,7,2965.69,693.94,0
ORD-100159,04/24/2023,Christopher Jones,CU-10081,Wireless Envelopes D,Office Supplies,Central,10,7443.2,2230.14,0
ORD-100160,03/28/2023,James White,CU-10179,Professional Bookcases A,Furniture,West,3,769.94,182.9,0.3
ORD-100161,08/15/2023,Anthony Anderson,CU-10066,Ergonomic Phones B,Technology,South,7,1207.73,31.88,0.15
ORD-100162,01/02/2024,John Wilson,CU-10073,Ergonomic Phones B,Technology,Central,6,807.58,169.02,0.15
ORD-100163,06/05/2023,Donald Taylor,CU-10212,Ergonomic Storage E,Office Supplies,East,12,3646.75,592.1,0.2
ORD-100164,09/15/2023,Betty Robinson,CU-10092,Executive Storage F,Office Supplies,Central,3,1790.91,175.24,0
ORD-100165,10/04/2024,Mark Miller,CU-10129,Deluxe Envelopes E,Office Supplies,Central,11,8308.78,414.18,0.15
ORD-100166,08/16/2024,Barbara Gonzalez,CU-10064,Premium Supplies F,Office Supplies,East,3,896.58,281.48,0
ORD-100167,03/20/2024,Michelle Wilson,CU-10111,Compact Monitors F,Technology,Central,3,2097.3,383.48,0
ORD-100168,12/15/2023,Ashley Davis,CU-10108,Premium Sofas D,Furniture,East,1,351.22,-43.43,0.1
ORD-100169,07/04/2023,Sandra Lopez,CU-10150,Ergonomic Accessories E,Technology,East,8,3274.94,87.67,0.3
ORD-100170,03/29/2023,Charles Davis,CU-10191,Professional Tables E,Furniture,South,8,5811.35,128.61,0.15
ORD-100171,01/10/2024,Richard Brown,CU-10155,Eco Envelopes F,Office Supplies,West,5,3499.68,817.18,0.2
ORD-100172,03/05/2024,Andrew Moore,CU-10001,Professional Phones A,Technology,West,7,2451.75,150.47,0
ORD-100173,09/04/2023,Mark Ramirez,CU-10098,Premium Supplies F,Office Supplies,East,1,224.69,46.9,0
ORD-100174,04/29/2023,Richard Brown,CU-10155,Basic Accessories F,Technology,East,1,608.09,189.53,0
ORD-100175,12/26/2023,Linda Lopez,CU-10164,Premium Chairs F,Furniture,West,5,968.32,188.55,0.15
ORD-100176,10/06/2024,Lisa Johnson,CU-10007,Premium Supplies F,Office Supplies,East,5,3559.91,106.85,0.1
ORD-100177,05/07/2023,Mark Smith,CU-10184,Premium Bookcases E,Furniture,West,8,1374.08,-195.43,0.15
ORD-100178,01/18/2024,John Lopez,CU-10096,Professional Supplies B,Office Supplies,Central,2,1070.64,84.29,0
ORD-100179,09/15/2024,Sarah White,CU-10193,Executive Laptops C,Technology,West,12,8501.28,1301.28,0.2
ORD-100180,04/20/2024,Mary Jackson,CU-10010,Professional Labels F,Office Supplies,East,11,1668.94,351.95,0.1
ORD-100181,07/26/2023,Linda Lewis,CU-10141,Ergonomic Accessories C,Technology,South,4,2048.56,629.73,0
ORD-100182,12/13/2023,Charles Garcia,CU-10147,Ergonomic Furnishings E,Furniture,Central,12,3891.84,671.84,0
ORD-100183,08/08/2024,Margaret Brown,CU-10176,Eco Phones E,Technology,Central,8,4698.6,585.35,0.15
ORD-100184,01/28/2023,Margaret Thomas,CU-10203,Executive Copiers B,Technology,East,7,3545.33,603.97,0.1
ORD-100185,03/20/2024,Anthony Garcia,CU-10146,Standard Accessories B,Technology,East,4,1826.12,528.8,0
ORD-100186,02/07/2023,James Hernandez,CU-10053,Premium Fasteners E,Office Supplies,West,7,3844.51,95.62,0.2
ORD-100187,12/01/2024,Michelle Taylor,CU-10088,Eco Office Desks D,Furniture,West,2,345.98,-16.85,0.2
ORD-100188,08/13/2024,Ashley Harris,CU-10152,Premium Fasteners A,Office Supplies,Central,12,5519.12,286.7,0.15
ORD-100189,03/26/2023,Christopher Martin,CU-10076,Standard Labels A,Office Supplies,South,7,2577.85,472.7,0.2
ORD-100190,11/22/2024,Linda Lopez,CU-10164,Basic Chairs D,Furniture,South,7,2744.56,241.57,0
ORD-100191,09/20/2024,Paul Jones,CU-10118,Ergonomic Phones F,Technology,Central,2,1410.16,206.29,0
ORD-100192,04/12/2023,Andrew Miller,CU-10174,Executive Monitors E,Technology,Central,5,2719.32,771.79,0.2
ORD-100193,11/24/2023,Joshua Jackson,CU-10168,Basic Envelopes B,Office Supplies,Central,7,3038.35,1241.76,0
ORD-100194,01/28/2024,Kimberly Rodriguez,CU-10136,Professional Laptops D,Technology,South,10,7087.41,2656.4,0.1
ORD-100195,09/28/2024,Donald Martinez,CU-10084,Professional Bookcases A,Furniture,South,7,5055.12,-358.11,0.15
ORD-100196,11/21/2024,Sandra Garcia,CU-10197,Executive Monitors A,Technology,Central,10,4703.9,1480.6,0
ORD-100197,03/25/2023,Paul Hernandez,CU-10127,Basic Office Desks F,Furniture,Central,1,701.53,159.8,0
ORD-100198,09/13/2023,James Taylor,CU-10114,Executive Office Desks B,Furniture,East,7,1408.37,201.81,0.1
ORD-100199,10/11/2024,Richard Lewis,CU-10043,Standard Laptops B,Technology,West,6,1492.32,173.78,0
ORD-100200,05/17/2024,Sarah Taylor,CU-10167,Basic Art A,Office Supplies,West,6,2555.07,755.7,0.3
ORD-100201,02/29/2024,Joseph Martinez,CU-10051,Basic Envelopes C,Office Supplies,Central,11,8431.72,708.51,0
ORD-100202,07/05/2024,Mary Jackson,CU-10010,Deluxe Tables A,Furniture,Central,1,255.71,59.3,0
ORD-100203,05/30/2023,Joshua Martinez,CU-10011,Standard Accessories B,Technology,Central,9,7151.58,439.16,0
ORD-100204,07/11/2023,Michelle Smith,CU-10160,Deluxe Office Desks A,Furniture,East,7,1416.4,95.25,0.15
ORD-100205,03/15/2024,Christopher Clark,CU-10099,Ergonomic Machines A,Technology,East,1,158.51,16.78,0.1
ORD-100206,02/16/2024,Anthony Anderson,CU-10066,Compact Storage B,Office Supplies,South,3,532.1,171.48,0.3
ORD-100207,12/01/2023,Mary Hernandez,CU-10188,Standard Storage A,Office Supplies,West,6,2114.48,658.92,0.1
ORD-100208,04/24/2024,Linda Johnson,CU-10211,Ergonomic Art E,Office Supplies,West,10,4235.7,534.17,0
ORD-100209,10/14/2024,Barbara Gonzalez,CU-10064,Eco Paper B,Office Supplies,Central,10,4209.2,530.2,0.2
ORD-100210,01/28/2024,James Taylor,CU-10020,Deluxe Art D,Office Supplies,Central,2,518.31,96.87,0.15
ORD-100211,02/05/2023,Donald Martinez,CU-10084,Ergonomic Phones B,Technology,East,6,3408.17,367.63,0.3
ORD-100212,09/17/2024,Mark Miller,CU-10129,Basic Laptops A,Technology,East,7,2746.25,15.04,0.3
ORD-100213,07/13/2023,Thomas Perez,CU-10058,Ergonomic Copiers D,Technology,West,12,5517.72,1404.74,0
ORD-100214,08/05/2024,Anthony Sanchez,CU-10046,Professional Labels F,Office Supplies,South,7,3048.42,192.2,0.15
ORD-100215,06/11/2024,Michelle Clark,CU-10013,Professional Tables D,Furniture,Central,1,601.09,5.85,0.1
ORD-100216,02/08/2024,Thomas Martin,CU-10085,Deluxe Office Desks A,Furniture,East,9,3877.65,182.99,0
ORD-100217,01/17/2024,James Taylor,CU-10020,Deluxe Furnishings A,Furniture,Central,11,4325.87,864.7,0.15
ORD-100218,05/09/2023,Ashley Robinson,CU-10166,Premium Tables B,Furniture,South,5,1406.32,237.1,0.2
ORD-100219,03/12/2023,Sandra Ramirez,CU-10134,Basic Accessories F,Technology,South,1,91.65,12.51,0
ORD-100220,08/04/2023,Michelle Wilson,CU-10111,Deluxe Envelopes E,Office Supplies,Central,8,4796.5,558.61,0.1
ORD-100221,05/20/2023,Jennifer Williams,CU-10113,Standard Binders C,Office Supplies,South,3,1380.72,38.06,0
ORD-100222,03/16/2023,David Brown,CU-10086,Executive Paper C,Office Supplies,Central,5,736.16,73.19,0.2
ORD-100223,11/03/2023,Christopher Lee,CU-10060,Basic Fasteners F,Office Supplies,Central,5,1562.04,523.13,0.1
ORD-100224,04/07/2024,Sarah Taylor,CU-10167,Professional Supplies B,Office Supplies,East,2,1702.02,491.79,0
ORD-100225,10/14/2024,Emily Anderson,CU-10070,Deluxe Labels B,Office Supplies,South,11,7097.75,2289.67,0
ORD-100226,04/25/2023,William Gonzalez,CU-10059,Executive Storage F,Office Supplies,East,4,2093.12,513.59,0
ORD-100227,06/19/2024,Michelle Clark,CU-10013,Wireless Sofas C,Furniture,West,9,328.34,51.95,0.15
ORD-100228,07/03/2023,James Martinez,CU-10106,Executive Monitors E,Technology,East,1,642.83,126.66,0.2
ORD-100229,01/08/2023,Barbara Garcia,CU-10078,Ergonomic Machines A,Technology,Central,5,3810.75,179.92,0
ORD-100230,10/07/2024,John Lopez,CU-10096,Ergonomic Phones B,Technology,West,11,5577.86,1113.52,0.1
ORD-100231,12/24/2023,Lisa Johnson,CU-10007,Ergonomic Storage E,Office Supplies,Central,11,8215.46,2586.56,0
ORD-100232,01/22/2024,John Brown,CU-10097,Executive Monitors E,Technology,South,7,1695.55,467.26,0.3
ORD-100233,11/21/2023,Barbara Garcia,CU-10078,Ergonomic Phones C,Technology,Central,3,596.02,143.27,0.3
ORD-100234,03/12/2024,Paul Gonzalez,CU-10133,Premium Fasteners E,Office Supplies,Central,2,1693.98,217.63,0
ORD-100235,10/01/2024,David Brown,CU-10086,Deluxe Sofas A,Furniture,East,10,1970.4,-40.56,0
ORD-100236,02/25/2024,Ashley Rodriguez,CU-10137,Deluxe Tables A,Furniture,West,2,684.46,90.9,0
ORD-100237,08/28/2023,Paul Thomas,CU-10090,Executive Bookcases F,Furniture,South,6,4676.46,-447.18,0
ORD-100238,10/02/2023,Andrew Thomas,CU-10047,Professional Copiers C,Technology,Central,9,1166.31,346.62,0
ORD-100239,12/30/2024,Paul Hernandez,CU-10127,Professional Tables D,Furniture,South,8,6054.08,-858.28,0
ORD-100240,12/19/2023,Matthew Martinez,CU-10125,Professional Supplies B,Office Supplies,East,9,3598.2,535.3,0
ORD-100241,08/02/2024,Andrew Anderson,CU-10124,Wireless Supplies D,Office Supplies,West,3,1916.67,702.57,0
ORD-100242,08/28/2024,Mary Hernandez,CU-10188,Wireless Machines B,Technology,South,7,943.61,284.8,0.15
ORD-100243,02/22/2024,Sarah White,CU-10193,Executive Furnishings D,Furniture,East,12,10383.84,-1241.45,0
ORD-100244,02/14/2023,Christopher Jones,CU-10029,Executive Storage F,Office Supplies,Central,1,277.89,27.39,0
ORD-100245,06/24/2023,Steven Thompson,CU-10079,Eco Envelopes F,Office Supplies,East,2,1289.7,201.09,0.1
ORD-100246,08/14/2024,Ashley Clark,CU-10196,Professional Art B,Office Supplies,South,5,2212.89,627.33,0.15
ORD-100247,12/18/2023,Lisa Williams,CU-10200,Deluxe Chairs A,Furniture,South,9,4696.11,291.75,0.15
ORD-100248,06/14/2024,Joseph Jackson,CU-10158,Ergonomic Machines A,Technology,South,9,1700.93,348.4,0.2
ORD-100249,02/08/2023,Emily Anderson,CU-10163,Deluxe Sofas A,Furniture,Central,7,682.01,66.08,0
ORD-100250,11/10/2024,Anthony Jackson,CU-10000,Wireless Phones D,Technology,East,7,3383.94,694.07,0
ORD-100251,01/11/2024,Mary Williams,CU-10151,Professional Phones A,Technology,West,12,4409.53,1415.02,0.1
ORD-100252,03/09/2024,Sandra Rodriguez,CU-10021,Wireless Monitors D,Technology,East,6,5141.16,1675.62,0
ORD-100253,12/22/2023,Susan Thompson,CU-10145,Wireless Sofas B,Furniture,Central,4,111.8,26.07,0
ORD-100254,09/12/2024,Mary Hernandez,CU-10188,Wireless Supplies D,Office Supplies,West,5,2477.8,323.3,0
ORD-100255,06/18/2023,Joseph Davis,CU-10003,Compact Furnishings C,Furniture,Central,8,1973.25,436.11,0.2
ORD-100256,09/04/2024,James Taylor,CU-10114,Wireless Binders F,Office Supplies,South,4,1247.06,316.09,0.3
ORD-100257,09/27/2024,Ashley Davis,CU-10108,Ergonomic Phones C,Technology,West,12,7744.8,359.52,0
ORD-100258,09/03/2023,Ashley Clark,CU-10027,Executive Office Desks B,Furniture,East,6,2480.59,460.41,0.2
ORD-100259,09/09/2024,Karen Gonzalez,CU-10055,Premium Supplies F,Office Supplies,Central,2,608.72,121.31,0.15
ORD-100260,08/19/2024,Lisa Hernandez,CU-10140,Compact Monitors F,Technology,West,11,3056.35,1035.24,0
ORD-100261,04/20/2023,Sandra Thomas,CU-10042,Basic Storage D,Office Supplies,Central,5,2503.05,534.98,0
ORD-100262,04/04/2023,Emily Taylor,CU-10215,Professional Copiers F,Technology,South,9,1348.56,270.61,0.2
ORD-100263,12/18/2024,Karen Perez,CU-10057,Premium Bookcases E,Furniture,Central,3,1243.66,151.47,0.3
ORD-100264,06/17/2024,William Martin,CU-10094,Eco Office Desks D,Furniture,East,7,2555.7,532.32,0
ORD-100265,09/28/2024,Michelle Wilson,CU-10111,Standard Binders C,Office Supplies,West,5,1169.81,45.54,0.3
ORD-100266,10/07/2023,Andrew Lee,CU-10217,Premium Fasteners E,Office Supplies,South,7,2785.73,975.34,0.15
ORD-100267,12/07/2023,Donald Martinez,CU-10102,Ergonomic Accessories E,Technology,West,6,4670.22,616.58,0
ORD-100268,12/02/2024,Joseph Jackson,CU-10158,Eco Art C,Office Supplies,South,4,1759,475.36,0
ORD-100269,04/04/2024,Andrew Anderson,CU-10124,Professional Sofas E,Furniture,East,6,663.98,36.04,0.2
ORD-100270,08/23/2023,Charles Rodriguez,CU-10032,Deluxe Monitors C,Technology,West,5,941.56,253.83,0.2
ORD-100271,12/09/2024,Thomas Perez,CU-10058,Ergonomic Accessories C,Technology,South,9,1194.66,30.18,0
ORD-100272,12/20/2023,Linda Robinson,CU-10024,Premium Accessories D,Technology,West,10,2759.2,654.34,0.2
ORD-100273,05/30/2023,Barbara Gonzalez,CU-10064,Executive Supplies A,Office Supplies,West,8,4948,689.77,0
ORD-100274,08/09/2023,John Lopez,CU-10162,Eco Office Desks D,Furniture,West,11,623.46,-35.43,0.15
ORD-100275,05/30/2024,Emily Anderson,CU-10163,Executive Storage F,Office Supplies,East,5,3726.14,701.43,0.15
ORD-100276,02/04/2023,Sandra Ramirez,CU-10134,Basic Paper E,Office Supplies,Central,5,117.11,11.54,0.3
ORD-100277,08/17/2024,David Gonzalez,CU-10159,Compact Fasteners D,Office Supplies,East,12,8294.04,2680.32,0
ORD-100278,10/14/2023,Richard Anderson,CU-10204,Deluxe Monitors C,Technology,East,1,71.87,3.43,0
ORD-100279,04/21/2024,Andrew Thompson,CU-10207,Executive Supplies A,Office Supplies,East,2,965.9,121.88,0
ORD-100280,12/29/2024,Michael Harris,CU-10172,Professional Copiers F,Technology,East,12,5870,2071.98,0.3
ORD-100281,08/16/2023,Donald Smith,CU-10154,Wireless Machines C,Technology,South,3,1121.65,38.04,0.3
ORD-100282,05/14/2023,Sandra Ramirez,CU-10134,Executive Laptops C,Technology,South,9,833.93,-5.46,0.15
ORD-100283,08/02/2024,Donald Williams,CU-10006,Professional Paper F,Office Supplies,East,3,1398.64,355.34,0.3
ORD-100284,10/08/2024,Michelle Wilson,CU-10111,Compact Supplies C,Office Supplies,South,9,1266.36,445.48,0.3
ORD-100285,01/27/2023,Jessica Martin,CU-10040,Ergonomic Art E,Office Supplies,Central,6,4292.57,1709.46,0.1
ORD-100286,04/27/2023,Andrew Thompson,CU-10207,Deluxe Sofas A,Furniture,East,2,64.4,13.29,0.1
ORD-100287,05/12/2023,Nancy Martin,CU-10216,Deluxe Monitors C,Technology,Central,12,3470.45,491.16,0.15
ORD-100288,07/13/2023,Margaret Thomas,CU-10203,Basic Storage D,Office Supplies,East,5,3150.32,317.28,0.1
ORD-100289,06/22/2024,Anthony Jackson,CU-10000,Wireless Paper A,Office Supplies,South,2,792.24,114.21,0
ORD-100290,02/10/2023,Kimberly Moore,CU-10195,Eco Fasteners B,Office Supplies,South,3,553.73,126.17,0.3
ORD-100291,09/20/2023,Matthew Lee,CU-10072,Deluxe Monitors B,Technology,South,7,193.89,52.39,0.3
ORD-100292,10/18/2023,Mary Jackson,CU-10010,Premium Supplies F,Office Supplies,West,8,4959.98,1009.93,0.3
ORD-100293,09/20/2023,Margaret Brown,CU-10176,Ergonomic Phones B,Technology,West,2,530.38,138.97,0
ORD-100294,09/23/2023,Steven Robinson,CU-10186,Basic Storage D,Office Supplies,East,10,7196.4,168.89,0.1
ORD-100295,08/20/2024,Michelle Ramirez,CU-10028,Standard Binders B,Office Supplies,East,3,336.91,54.42,0.1
ORD-100296,11/15/2024,Donald Martinez,CU-10102,Executive Monitors E,Technology,Central,9,4999.64,992.14,0.1
ORD-100297,01/28/2024,William Thomas,CU-10126,Deluxe Fasteners C,Office Supplies,East,4,1073.68,75.58,0
ORD-100298,07/18/2023,Susan White,CU-10082,Eco Office Desks D,Furniture,South,1,130.86,4.97,0.2
ORD-100299,04/16/2024,Paul Gonzalez,CU-10133,Ergonomic Furnishings E,Furniture,South,9,6412.95,1079.03,0
ORD-100300,05/20/2024,Andrew Anderson,CU-10124,Standard Accessories B,Technology,West,2,1150.78,222.38,0.15
ORD-100301,12/19/2023,Sandra Thomas,CU-10042,Premium Copiers E,Technology,East,1,689.76,111.62,0.15
ORD-100302,09/15/2024,Andrew Lee,CU-10217,Wireless Sofas C,Furniture,South,9,3355.25,-374.29,0.3
ORD-100303,08/01/2024,Lisa Johnson,CU-10007,Standard Copiers A,Technology,South,1,280.26,59.58,0
ORD-100304,01/09/2023,Lisa Johnson,CU-10007,Compact Monitors F,Technology,Central,8,1507.04,144.44,0
ORD-100305,04/29/2023,James Hernandez,CU-10053,Professional Phones A,Technology,South,2,725.44,147.46,0
ORD-100306,11/01/2024,Susan Sanchez,CU-10095,Professional Copiers F,Technology,Central,8,5630.32,1225.81,0
ORD-100307,06/17/2023,William Thomas,CU-10126,Executive Furnishings D,Furniture,Central,7,1672.37,-89.39,0.15
ORD-100308,07/09/2023,Richard Anderson,CU-10204,Wireless Phones D,Technology,South,3,821.71,200.73,0.15
ORD-100309,10/08/2023,Matthew Martinez,CU-10125,Professional Copiers C,Technology,Central,7,5717.6,14.23,0
ORD-100310,04/09/2023,Andrew Sanchez,CU-10128,Basic Bookcases C,Furniture,South,6,1421.7,-46.93,0
ORD-100311,07/06/2023,Joseph Jackson,CU-10158,Professional Copiers C,Technology,Central,12,6771.6,576.17,0
ORD-100312,05/12/2023,Richard Anderson,CU-10204,Standard Labels A,Office Supplies,West,10,5027.5,207.2,0.15
ORD-100313,12/27/2023,Joshua Anderson,CU-10049,Basic Labels C,Office Supplies,West,11,6987.75,1365.97,0
ORD-100314,07/16/2023,Sandra Martinez,CU-10004,Premium Fasteners A,Office Supplies,Central,6,1605.96,333.93,0
ORD-100315,03/13/2023,Linda Lopez,CU-10164,Wireless Art F,Office Supplies,East,2,360.12,43.98,0
ORD-100316,02/14/2023,Joshua Rodriguez,CU-10089,Standard Storage A,Office Supplies,West,11,4575.65,442.3,0.3
ORD-100317,03/26/2023,Thomas Rodriguez,CU-10170,Eco Art C,Office Supplies,East,3,848.88,282.77,0
ORD-100318,11/10/2023,Betty Robinson,CU-10092,Ergonomic Accessories E,Technology,East,10,4766.58,1365.1,0.1
ORD-100319,04/11/2023,Donald Martinez,CU-10084,Compact Bookcases B,Furniture,Central,4,2527.81,-95.02,0.1
ORD-100320,09/11/2023,Barbara Rodriguez,CU-10080,Wireless Machines C,Technology,South,2,446.42,9.38,0.2
ORD-100321,10/07/2024,Ashley Clark,CU-10196,Wireless Paper A,Office Supplies,South,11,5154.6,838.74,0.2
ORD-100322,01/16/2023,John Brown,CU-10097,Professional Bookcases A,Furniture,South,2,26.08,5.07,0
ORD-100323,04/09/2023,Anthony Johnson,CU-10093,Wireless Sofas B,Furniture,West,7,3283.34,750.03,0.3
ORD-100324,02/18/2024,Sandra Lopez,CU-10150,Deluxe Fasteners C,Office Supplies,Central,2,258.16,13.36,0.1
ORD-100325,06/01/2023,Kimberly Martinez,CU-10068,Compact Storage B,Office Supplies,Central,7,1130.43,71.06,0
ORD-100326,01/11/2024,Sandra Thomas,CU-10042,Professional Art B,Office Supplies,South,10,7005.69,2589.88,0.1
ORD-100327,12/01/2023,Donald Martinez,CU-10084,Premium Sofas D,Furniture,West,8,3007.44,-295.15,0
ORD-100328,02/16/2023,Mark Smith,CU-10184,Executive Monitors A,Technology,West,2,198.56,64.04,0
ORD-100329,03/13/2024,Linda Johnson,CU-10211,Ergonomic Binders E,Office Supplies,Central,8,7005.04,2114.24,0
ORD-100330,02/24/2023,Barbara White,CU-10054,Wireless Supplies D,Office Supplies,East,6,3285.36,710.32,0.2
ORD-100331,08/06/2023,Robert Harris,CU-10045,Basic Accessories F,Technology,East,6,4077.43,1000.73,0.1
ORD-100332,04/13/2023,John Lopez,CU-10096,Deluxe Labels B,Office Supplies,East,12,2105.04,199.9,0
ORD-100333,05/27/2024,Mary Williams,CU-10151,Standard Labels A,Office Supplies,West,12,6442.08,795.54,0
ORD-100334,04/19/2024,Kimberly Rodriguez,CU-10136,Professional Copiers C,Technology,Central,9,3635.64,465.52,0.2
ORD-100335,05/21/2023,Steven Martinez,CU-10050,Professional Phones A,Technology,Central,10,366.52,130.05,0.3
ORD-100336,01/26/2023,Sarah Jackson,CU-10033,Wireless Art F,Office Supplies,West,2,1482.88,53.05,0.1
ORD-100337,01/31/2023,Betty Hernandez,CU-10005,Wireless Machines B,Technology,West,10,6306.5,2080.21,0
ORD-100338,07/02/2024,Kimberly Miller,CU-10083,Premium Fasteners E,Office Supplies,Central,3,1693.63,710.04,0.1
ORD-100339,09/19/2024,Robert Lewis,CU-10177,Basic Paper E,Office Supplies,East,10,5999.8,1829.11,0
ORD-100340,07/06/2023,Thomas Jackson,CU-10115,Standard Laptops B,Technology,West,9,2450.64,62.44,0.3
ORD-100341,03/01/2024,Richard Garcia,CU-10069,Premium Laptops F,Technology,West,7,1842.12,537.53,0
ORD-100342,12/11/2024,Donna Garcia,CU-10185,Compact Binders D,Office Supplies,Central,4,1698,302.09,0.3
ORD-100343,07/13/2023,Donna Garcia,CU-10185,Deluxe Monitors C,Technology,West,11,5651.22,1423.59,0.1
ORD-100344,11/28/2023,Steven Martinez,CU-10050,Basic Office Desks F,Furniture,East,1,607.75,54.7,0.15
ORD-100345,04/20/2024,Steven Martinez,CU-10194,Ergonomic Copiers D,Technology,West,5,2457.9,403,0
ORD-100346,02/16/2023,Kimberly Moore,CU-10195,Premium Accessories D,Technology,West,4,2227.57,7.02,0.1
ORD-100347,01/19/2024,Susan Sanchez,CU-10095,Ergonomic Phones F,Technology,East,11,286.97,43.89,0.2
ORD-100348,03/27/2024,Andrew Lee,CU-10217,Ergonomic Accessories C,Technology,West,6,2910.88,287.6,0.15
ORD-100349,08/02/2023,Linda Sanchez,CU-10077,Executive Laptops E,Technology,West,4,61.88,3.02,0
ORD-100350,01/29/2023,Karen Johnson,CU-10110,Basic Bookcases C,Furniture,Central,3,2122.2,474.26,0
ORD-100351,08/10/2023,Steven Martinez,CU-10050,Wireless Monitors D,Technology,South,9,7919.28,1624.6,0
ORD-100352,12/19/2024,Paul Gonzalez,CU-10133,Executive Laptops C,Technology,Central,12,8394.6,29.45,0
ORD-100353,03/11/2024,Betty Jones,CU-10187,Professional Labels F,Office Supplies,West,1,11.42,1.17,0.2
ORD-100354,05/13/2023,Thomas Perez,CU-10058,Wireless Binders F,Office Supplies,West,12,1269.16,428.06,0.3
ORD-100355,10/09/2023,Paul Lee,CU-10048,Ergonomic Labels D,Office Supplies,Central,12,3405.68,1250.9,0.15
ORD-100356,04/21/2023,Christopher Thompson,CU-10218,Deluxe Accessories A,Technology,Central,10,4492,1480.82,0
ORD-100357,10/14/2024,Thomas Martin,CU-10085,Ergonomic Furnishings E,Furniture,East,9,2422.6,155.51,0.3
ORD-100358,07/09/2023,Donald Martinez,CU-10102,Professional Copiers C,Technology,East,7,6161.12,127.51,0
ORD-100359,05/23/2023,Steven Robinson,CU-10186,Wireless Chairs B,Furniture,East,1,330.99,11.39,0.1
ORD-100360,05/12/2024,Christopher Clark,CU-10099,Ergonomic Storage E,Office Supplies,West,11,3313.54,1315.95,0.3
ORD-100361,07/28/2024,Mark Miller,CU-10129,Ergonomic Accessories C,Technology,West,12,2643.64,-41.31,0.15
ORD-100362,10/11/2024,Linda Johnson,CU-10211,Basic Labels C,Office Supplies,Central,11,784.41,315.86,0
ORD-100363,01/18/2024,Linda Jackson,CU-10180,Wireless Envelopes D,Office Supplies,West,1,594.5,23.75,0.3
ORD-100364,06/28/2023,Kimberly Rodriguez,CU-10136,Basic Labels C,Office Supplies,East,2,494.22,65.57,0
ORD-100365,11/17/2024,Patricia Hernandez,CU-10143,Standard Binders B,Office Supplies,West,11,1998.48,356.38,0
ORD-100366,10/21/2024,Paul Lee,CU-10048,Deluxe Bookcases D,Furniture,South,2,46.69,-5.58,0.2
ORD-100367,04/22/2023,Emily Gonzalez,CU-10214,Deluxe Labels E,Office Supplies,Central,11,329.12,91.4,0
ORD-100368,03/14/2023,David Martin,CU-10067,Ergonomic Furnishings E,Furniture,Central,11,7122.75,348.05,0.1
ORD-100369,09/18/2023,Emily Anderson,CU-10163,Executive Supplies A,Office Supplies,West,6,666.72,210.99,0
ORD-100370,12/13/2023,Steven Martinez,CU-10194,Standard Copiers A,Technology,West,5,1667,515.25,0
ORD-100371,08/13/2023,James Martinez,CU-10106,Standard Copiers A,Technology,South,2,498.07,-7.16,0.15
ORD-100372,12/25/2023,Patricia Brown,CU-10208,Deluxe Chairs A,Furniture,West,10,3935.5,598.28,0
ORD-100373,01/30/2024,Anthony Martinez,CU-10023,Executive Monitors A,Technology,South,5,886.9,63.56,0
ORD-100374,09/19/2023,Joseph Jackson,CU-10158,Standard Labels A,Office Supplies,West,3,1824.6,65.33,0
ORD-100375,07/04/2024,William Gonzalez,CU-10059,Deluxe Tables A,Furniture,East,9,2695.19,246.39,0.1
ORD-100376,11/21/2024,Mark Miller,CU-10129,Ergonomic Accessories E,Technology,Central,3,1358.08,213.23,0.15
ORD-100377,01/03/2024,Donald Jones,CU-10199,Deluxe Office Desks C,Furniture,East,8,6619.44,1159.01,0
ORD-100378,09/04/2024,Charles Davis,CU-10191,Professional Tables F,Furniture,West,5,3889.93,-388.74,0.1
ORD-100379,03/18/2023,Susan Sanchez,CU-10095,Deluxe Office Desks C,Furniture,South,2,938.12,64.55,0
ORD-100380,12/19/2024,William Gonzalez,CU-10059,Executive Monitors E,Technology,South,3,117.89,16.55,0.15
ORD-100381,03/22/2023,Daniel Hernandez,CU-10100,Basic Paper D,Office Supplies,East,11,8798.24,274.11,0
ORD-100382,08/18/2024,Kimberly Miller,CU-10142,Wireless Binders F,Office Supplies,West,2,1082.98,414.83,0
ORD-100383,04/23/2023,John Miller,CU-10189,Compact Monitors F,Technology,West,6,3630.85,734.43,0.1
ORD-100384,11/28/2023,Linda Sanchez,CU-10077,Deluxe Accessories A,Technology,Central,11,3261.28,1059.82,0
ORD-100385,10/19/2024,David Ramirez,CU-10036,Premium Fasteners A,Office Supplies,East,2,388.13,14.23,0.1
ORD-100386,05/10/2024,Sandra Ramirez,CU-10017,Professional Supplies B,Office Supplies,South,5,1675.85,308.54,0
ORD-100387,01/21/2024,Patricia Brown,CU-10208,Premium Accessories D,Technology,East,8,737.44,129.66,0
ORD-100388,05/31/2023,Steven Thompson,CU-10079,Executive Supplies A,Office Supplies,East,9,549.59,142.81,0.1
ORD-100389,10/17/2023,Sandra Ramirez,CU-10017,Wireless Chairs B,Furniture,South,10,5598.9,361.48,0
ORD-100390,02/08/2024,Sarah Taylor,CU-10167,Ergonomic Art E,Office Supplies,West,10,4450.46,921.07,0.3
ORD-100391,07/17/2024,Karen Perez,CU-10057,Eco Fasteners B,Office Supplies,West,3,593.64,38.99,0
ORD-100392,03/01/2023,Ashley Clark,CU-10027,Professional Copiers C,Technology,South,5,1803.45,673.91,0
ORD-100393,12/29/2023,Thomas Rodriguez,CU-10170,Standard Tables C,Furniture,South,2,1293.63,31.04,0.15
ORD-100394,03/07/2023,Richard Garcia,CU-10069,Basic Storage D,Office Supplies,East,4,2215.88,269.25,0.15
ORD-100395,01/23/2024,Charles Davis,CU-10191,Premium Binders A,Office Supplies,West,4,1360.96,504.37,0.2
ORD-100396,01/26/2024,Betty Sanchez,CU-10026,Executive Monitors A,Technology,East,8,4276.37,714.23,0.1
ORD-100397,10/28/2023,Margaret Thomas,CU-10203,Executive Monitors E,Technology,Central,3,1042.54,326.63,0.3
ORD-100398,04/30/2024,Karen Thomas,CU-10144,Wireless Art F,Office Supplies,South,9,223.34,73.53,0.3
ORD-100399,05/08/2024,Donald Martinez,CU-10104,Wireless Chairs B,Furniture,East,5,2747.36,559.81,0.2
ORD-100400,03/30/2023,Betty Sanchez,CU-10026,Wireless Phones D,Technology,Central,1,127.6,31.65,0
ORD-100401,07/15/2024,Thomas Martin,CU-10085,Deluxe Chairs A,Furniture,Central,7,3446.37,357.49,0.3
ORD-100402,01/17/2023,Lisa Wilson,CU-10038,Deluxe Office Desks C,Furniture,West,8,5530.56,-271.03,0
ORD-100403,03/12/2023,Paul Jones,CU-10118,Executive Supplies A,Office Supplies,Central,4,1703.08,610.41,0
ORD-100404,02/18/2023,Margaret Lee,CU-10169,Standard Binders C,Office Supplies,West,3,2009.22,639.97,0
ORD-100405,03/15/2023,Andrew Moore,CU-10001,Premium Supplies F,Office Supplies,West,5,2730.2,899.35,0
ORD-100406,02/10/2024,Betty Hernandez,CU-10005,Ergonomic Machines A,Technology,Central,6,1205.4,383.25,0
ORD-100407,02/12/2023,Andrew Miller,CU-10174,Standard Furnishings F,Furniture,South,10,4680.1,751.9,0
ORD-100408,10/16/2024,Patricia Hernandez,CU-10143,Basic Bookcases C,Furniture,South,7,4475.65,215.01,0.1
ORD-100409,03/28/2024,William Martin,CU-10094,Basic Bookcases C,Furniture,East,9,2259.9,350.89,0
ORD-100410,05/15/2024,Susan White,CU-10082,Wireless Monitors D,Technology,Central,1,144.42,23.79,0.2
ORD-100411,11/27/2023,Paul Hernandez,CU-10127,Basic Office Desks F,Furniture,Central,4,823.28,44.86,0.15
ORD-100412,08/03/2024,Charles Smith,CU-10112,Premium Binders A,Office Supplies,South,1,449.01,168.77,0.2
ORD-100413,10/04/2024,Robert Thomas,CU-10182,Deluxe Sofas A,Furniture,South,5,1145.2,-4.64,0
ORD-100414,10/12/2023,Matthew Lee,CU-10072,Executive Paper C,Office Supplies,East,7,4542.65,1416.96,0
ORD-100415,11/19/2024,Mary Rodriguez,CU-10132,Standard Labels A,Office Supplies,South,4,347.65,142.7,0.15
ORD-100416,12/11/2023,Paul Gonzalez,CU-10133,Ergonomic Phones B,Technology,Central,2,508.08,171.87,0
ORD-100417,10/09/2024,Christopher Williams,CU-10039,Wireless Supplies D,Office Supplies,Central,11,6872.53,2643.33,0.15
ORD-100418,07/22/2024,Kimberly Miller,CU-10142,Basic Chairs D,Furniture,West,9,3237.84,-47.16,0
ORD-100419,01/04/2024,Susan Lopez,CU-10012,Wireless Phones D,Technology,Central,11,6028.26,277.1,0.2
ORD-100420,09/02/2023,Paul Thomas,CU-10090,Standard Tables C,Furniture,East,7,5363.25,1067.18,0.1
ORD-100421,06/19/2023,William Lewis,CU-10209,Executive Laptops E,Technology,East,6,4178.63,199.98,0.1
ORD-100422,07/20/2024,Andrew Sanchez,CU-10128,Deluxe Furnishings A,Furniture,South,2,1141.86,276.45,0.15
ORD-100423,04/02/2023,Susan Sanchez,CU-10095,Professional Tables E,Furniture,South,10,3175.56,644.6,0.1
ORD-100424,06/14/2023,David Ramirez,CU-10036,Premium Fasteners E,Office Supplies,West,11,5767.41,1853.18,0
ORD-100425,11/22/2023,Nancy Martin,CU-10216,Wireless Sofas C,Furniture,West,1,53.88,-4.34,0.3
ORD-100426,04/21/2023,Donald Smith,CU-10154,Basic Chairs D,Furniture,South,4,2386.02,178.11,0.15
ORD-100427,08/12/2024,Joshua Martinez,CU-10011,Executive Bookcases F,Furniture,South,10,4944.45,710.82,0.15
ORD-100428,02/15/2023,Ashley Rodriguez,CU-10137,Ergonomic Phones F,Technology,East,2,643.9,135.95,0
ORD-100429,04/22/2024,Nancy Smith,CU-10002,Premium Tables B,Furniture,East,3,957.58,-103.07,0.1
ORD-100430,12/18/2023,Steven Martinez,CU-10194,Standard Binders B,Office Supplies,Central,3,1077.52,421.64,0.1
ORD-100431,02/27/2023,Joshua Martinez,CU-10011,Professional Tables F,Furniture,West,7,1830.78,150.83,0.1
ORD-100432,08/15/2023,Michelle Clark,CU-10013,Basic Office Desks F,Furniture,South,10,6566.3,1295.44,0
ORD-100433,08/03/2023,James Hernandez,CU-10053,Eco Fasteners B,Office Supplies,West,1,768.45,41.43,0.1
ORD-100434,07/27/2024,Sandra Ramirez,CU-10134,Executive Monitors A,Technology,South,1,102.01,35.26,0.1
ORD-100435,01/25/2024,Lisa Martin,CU-10178,Professional Sofas E,Furniture,South,10,2467.7,206.24,0
ORD-100436,05/10/2023,Richard Garcia,CU-10069,Wireless Binders F,Office Supplies,South,1,792.22,195.25,0
ORD-100437,04/03/2024,Lisa Martin,CU-10178,Eco Office Desks D,Furniture,East,1,117.75,2.09,0
ORD-100438,12/07/2024,Sandra Thomas,CU-10042,Premium Chairs F,Furniture,South,10,2057.52,134.52,0.2
ORD-100439,11/14/2023,Donna Garcia,CU-10185,Basic Paper D,Office Supplies,East,12,825.55,313.74,0.1
ORD-100440,10/18/2024,Paul Thomas,CU-10090,Wireless Phones D,Technology,West,4,1869.88,100.48,0
ORD-100441,06/18/2024,Donald Thompson,CU-10219,Deluxe Labels B,Office Supplies,East,9,5185.17,705.18,0
ORD-100442,03/04/2024,Sandra Martinez,CU-10004,Eco Envelopes F,Office Supplies,East,1,140.78,52.31,0
ORD-100443,09/20/2023,Anthony Brown,CU-10213,Professional Art B,Office Supplies,West,1,485.74,42.33,0
ORD-100444,06/26/2023,Paul Lee,CU-10048,Standard Chairs C,Furniture,South,5,2820.37,700.41,0.3
ORD-100445,12/27/2024,Robert Ramirez,CU-10074,Professional Tables E,Furniture,East,4,2223.62,180.79,0.2
ORD-100446,03/03/2023,Richard Garcia,CU-10069,Standard Furnishings B,Furniture,South,8,3477.02,-90.21,0.1
ORD-100447,03/23/2023,Linda Lopez,CU-10164,Ergonomic Phones C,Technology,East,5,1510.05,445.26,0
ORD-100448,07/05/2023,Charles Smith,CU-10112,Standard Binders C,Office Supplies,South,7,121.69,35.57,0.2
ORD-100449,12/28/2024,Charles Lewis,CU-10062,Basic Accessories F,Technology,East,1,150.16,29.64,0.3
ORD-100450,10/28/2024,Christopher Martin,CU-10076,Ergonomic Phones F,Technology,Central,8,2715.9,671.02,0.2
ORD-100451,07/30/2024,Sarah Anderson,CU-10063,Professional Bookcases A,Furniture,Central,9,2910.78,-386.72,0
ORD-100452,05/14/2023,Sarah Davis,CU-10192,Basic Chairs D,Furniture,East,10,5402.88,1087.42,0.3
ORD-100453,05/15/2023,Paul Brown,CU-10056,Premium Fasteners E,Office Supplies,South,2,16.25,6.53,0.15
ORD-100454,11/17/2023,Ashley Davis,CU-10108,Professional Paper F,Office Supplies,Central,4,491.28,31.27,0
ORD-100455,05/11/2024,Donald Thompson,CU-10219,Wireless Sofas C,Furniture,East,2,1433.14,276.89,0.2
ORD-100456,12/19/2024,Sandra Ramirez,CU-10134,Professional Tables E,Furniture,East,3,1736.55,-249.58,0
ORD-100457,03/27/2024,William Lewis,CU-10209,Basic Paper D,Office Supplies,East,7,3543.06,713.3,0.2
ORD-100458,08/15/2023,Joshua Anderson,CU-10049,Deluxe Monitors B,Technology,West,4,530.4,21.36,0
ORD-100459,08/23/2024,John Thompson,CU-10206,Wireless Sofas C,Furniture,West,3,1828.92,-190.27,0
ORD-100460,01/20/2024,Anthony Sanchez,CU-10046,Wireless Phones D,Technology,South,1,691.25,16.37,0
ORD-100461,06/23/2023,Paul Miller,CU-10105,Wireless Art F,Office Supplies,Central,1,380.72,149.3,0.2
ORD-100462,05/30/2024,Sandra Thomas,CU-10014,Standard Tables C,Furniture,East,2,1478.68,289.38,0
ORD-100463,08/22/2023,Charles Rodriguez,CU-10032,Premium Fasteners E,Office Supplies,West,11,839.34,107.45,0.2
ORD-100464,01/27/2024,John Clark,CU-10120,Premium Copiers E,Technology,West,4,45.5,6.5,0.1
ORD-100465,11/28/2024,James Robinson,CU-10130,Professional Phones A,Technology,Central,6,4524.84,285.68,0
ORD-100466,03/18/2024,Paul Jones,CU-10118,Deluxe Accessories A,Technology,South,4,2415,8.72,0
ORD-100467,07/10/2024,Emily Sanchez,CU-10107,Eco Envelopes A,Office Supplies,Central,4,473.11,15.23,0.15
ORD-100468,07/10/2023,James White,CU-10179,Basic Accessories F,Technology,South,7,1979.88,674.98,0
ORD-100469,07/27/2023,Richard Anderson,CU-10204,Eco Fasteners B,Office Supplies,East,1,503.49,207.31,0
ORD-100470,02/23/2024,David Martin,CU-10067,Executive Supplies E,Office Supplies,West,1,525.57,101.98,0.2
ORD-100471,06/21/2024,Karen Gonzalez,CU-10055,Basic Envelopes C,Office Supplies,East,2,174.26,6.99,0.2
ORD-100472,04/27/2024,Christopher Williams,CU-10039,Standard Copiers A,Technology,South,9,4144.23,504.42,0
ORD-100473,04/01/2023,Anthony Johnson,CU-10093,Compact Furnishings C,Furniture,South,2,164.99,3.07,0.3
ORD-100474,04/17/2024,Matthew Martinez,CU-10125,Executive Supplies E,Office Supplies,South,10,502.65,170.67,0.1
ORD-100475,12/28/2024,Michelle Taylor,CU-10088,Ergonomic Furnishings E,Furniture,South,4,333.37,-4.71,0.15
ORD-100476,06/12/2023,Christopher Clark,CU-10099,Deluxe Furnishings A,Furniture,South,10,5902.88,-732.52,0.2
ORD-100477,12/27/2023,David Brown,CU-10086,Basic Art A,Office Supplies,South,8,5864.18,1284.39,0.1
ORD-100478,03/22/2024,Barbara Rodriguez,CU-10080,Ergonomic Accessories C,Technology,East,7,3509.73,2.84,0.1
ORD-100479,03/16/2023,James Taylor,CU-10020,Executive Laptops C,Technology,West,8,2795.62,359.46,0.1
ORD-100480,02/07/2023,Michael Davis,CU-10175,Standard Furnishings B,Furniture,Central,12,10779,-1203.14,0
ORD-100481,05/14/2023,Andrew Moore,CU-10117,Standard Storage A,Office Supplies,East,11,4504.72,1316.23,0
ORD-100482,03/15/2024,Mark Ramirez,CU-10098,Wireless Supplies D,Office Supplies,East,2,1771,566.3,0
ORD-100483,04/17/2024,Barbara Rodriguez,CU-10080,Eco Art C,Office Supplies,East,6,1263.74,298.56,0.2
ORD-100484,09/14/2024,Anthony Sanchez,CU-10091,Wireless Paper A,Office Supplies,East,9,2555.64,156.48,0
ORD-100485,12/15/2023,Karen Johnson,CU-10110,Ergonomic Copiers D,Technology,East,11,8580.88,1866.43,0
ORD-100486,06/25/2024,Jessica Martin,CU-10040,Basic Laptops A,Technology,Central,5,205.2,36.38,0.1
ORD-100487,11/11/2024,Jessica Martin,CU-10040,Deluxe Tables A,Furniture,East,6,2629.92,-31.35,0.2
ORD-100488,04/05/2024,Andrew Miller,CU-10174,Eco Chairs E,Furniture,Central,6,1233.84,6.81,0
ORD-100489,10/17/2024,Donald Taylor,CU-10212,Basic Storage D,Office Supplies,West,3,1716.27,643.78,0.3
ORD-100490,08/09/2024,Michael Harris,CU-10172,Premium Sofas D,Furniture,South,9,6461.05,748.2,0.1
ORD-100491,07/18/2024,Linda Lewis,CU-10141,Compact Storage C,Office Supplies,Central,12,2497.54,794.97,0.2
ORD-100492,03/16/2024,Susan Johnson,CU-10157,Basic Storage D,Office Supplies,West,5,953.53,192.53,0.15
ORD-100493,05/13/2023,Lisa Williams,CU-10200,Premium Binders A,Office Supplies,West,12,2320.7,753.33,0.15
ORD-100494,05/30/2024,Steven Harris,CU-10041,Deluxe Bookcases D,Furniture,South,3,2264.88,149.6,0
ORD-100495,05/06/2023,Paul Jones,CU-10118,Wireless Machines B,Technology,South,7,3340.61,677.58,0
ORD-100496,05/27/2024,Steven Clark,CU-10016,Premium Fasteners E,Office Supplies,West,3,1629.42,392.8,0
ORD-100497,05/09/2024,Sandra Thomas,CU-10014,Standard Chairs C,Furniture,East,12,6416.64,895.82,0
ORD-100498,11/27/2024,Lisa Hernandez,CU-10140,Deluxe Furnishings A,Furniture,Central,9,5342.98,901.21,0.2
ORD-100499,12/13/2024,Mary Williams,CU-10151,Deluxe Labels E,Office Supplies,West,11,7293.97,1206.73,0.2
ORD-100500,07/11/2024,Sarah Davis,CU-10192,Eco Office Desks D,Furniture,Central,6,438.91,69.29,0.2
ORD-100501,11/08/2023,Donald Taylor,CU-10009,Standard Furnishings B,Furniture,West,6,2206.17,-83.12,0.1
ORD-100502,10/19/2024,Steven Martinez,CU-10050,Deluxe Monitors C,Technology,East,6,4548.42,987.51,0
ORD-100503,03/16/2024,John Lopez,CU-10096,Wireless Chairs B,Furniture,South,10,1827.76,-53.49,0.15
ORD-100504,11/20/2023,Barbara Gonzalez,CU-10064,Basic Paper D,Office Supplies,Central,2,1035.36,329,0.3
ORD-100505,11/29/2024,Susan White,CU-10082,Ergonomic Accessories E,Technology,South,5,3629.3,1126.25,0
ORD-100506,09/21/2023,Mark Ramirez,CU-10098,Eco Art C,Office Supplies,West,11,3760.9,639.05,0
ORD-100507,02/18/2024,Emily White,CU-10149,Standard Accessories B,Technology,West,6,4146.96,45.58,0
ORD-100508,02/16/2023,Patricia Brown,CU-10208,Ergonomic Phones C,Technology,West,12,3564.9,1350.52,0.15
ORD-100509,07/24/2024,Anthony Sanchez,CU-10091,Standard Machines E,Technology,East,5,2397.43,683.64,0.3
ORD-100510,04/30/2023,Sandra Thomas,CU-10014,Premium Fasteners A,Office Supplies,Central,9,997.43,352.03,0.1
ORD-100511,05/31/2023,Robert Thomas,CU-10182,Standard Accessories B,Technology,Central,1,201.02,49.07,0
ORD-100512,11/08/2024,Sandra Robinson,CU-10030,Ergonomic Copiers D,Technology,Central,7,3161.53,954.09,0.1
ORD-100513,04/06/2024,Michelle Ramirez,CU-10028,Premium Sofas F,Furniture,Central,1,563.44,78.03,0
ORD-100514,04/03/2023,Betty Hernandez,CU-10005,Premium Sofas D,Furniture,South,9,3584.7,-35.68,0
ORD-100515,07/06/2023,Lisa Johnson,CU-10007,Basic Paper E,Office Supplies,East,7,5412.82,900.8,0
ORD-100516,04/17/2024,John Wilson,CU-10073,Deluxe Fasteners C,Office Supplies,West,8,1852.37,72.17,0.3
ORD-100517,02/02/2024,Steven Robinson,CU-10186,Standard Storage A,Office Supplies,West,12,4309.96,464.92,0.1
ORD-100518,12/17/2023,Christopher Williams,CU-10039,Eco Office Desks D,Furniture,South,2,669.16,34.13,0.3
ORD-100519,06/30/2024,Nancy Smith,CU-10002,Compact Fasteners D,Office Supplies,West,11,1425.9,372.23,0.1
ORD-100520,07/05/2024,Lisa Martin,CU-10178,Compact Fasteners D,Office Supplies,Central,12,8069.76,290.19,0
ORD-100521,11/10/2023,Robert Clark,CU-10123,Eco Paper B,Office Supplies,South,9,327.67,47.5,0.2
ORD-100522,05/17/2023,Robert Moore,CU-10173,Executive Paper C,Office Supplies,East,11,3356.37,395.34,0.15
ORD-100523,01/16/2023,James Perez,CU-10201,Wireless Sofas B,Furniture,South,8,3436.99,8.04,0.15
ORD-100524,07/09/2023,Mark Miller,CU-10129,Professional Bookcases A,Furniture,West,8,3402.73,74.72,0.3
ORD-100525,03/24/2024,Kimberly Miller,CU-10083,Basic Fasteners F,Office Supplies,Central,12,6857.57,1463.46,0.1
ORD-100526,08/20/2024,Steven White,CU-10153,Professional Phones A,Technology,West,9,6228.99,1177.23,0
ORD-100527,08/29/2024,Michael Davis,CU-10175,Deluxe Tables A,Furniture,Central,7,868.73,-59.11,0.2
ORD-100528,08/19/2023,Paul Brown,CU-10056,Deluxe Labels B,Office Supplies,South,9,5913.63,707.34,0
ORD-100529,03/25/2023,Linda Johnson,CU-10211,Wireless Paper A,Office Supplies,West,5,287,14.75,0
ORD-100530,02/13/2023,Linda Lewis,CU-10141,Premium Laptops F,Technology,West,7,3914.12,908.07,0
ORD-100531,06/12/2024,Richard Lewis,CU-10043,Basic Laptops A,Technology,South,11,1786.09,50.7,0.3
ORD-100532,10/01/2024,Lisa Johnson,CU-10007,Wireless Binders F,Office Supplies,West,7,3002.92,543.58,0.3
ORD-100533,04/19/2024,Donald Martinez,CU-10104,Professional Copiers F,Technology,Central,4,3562.96,1106.04,0
ORD-100534,03/01/2024,Mary Jackson,CU-10010,Wireless Envelopes D,Office Supplies,Central,12,5788.7,517.77,0.15
ORD-100535,10/15/2023,David Gonzalez,CU-10159,Executive Furnishings D,Furniture,West,1,259.41,-9.29,0.1
ORD-100536,07/23/2023,Anthony Johnson,CU-10093,Ergonomic Storage E,Office Supplies,East,6,3862.02,158.66,0
ORD-100537,12/02/2023,Anthony Sanchez,CU-10091,Professional Copiers F,Technology,East,2,1371.62,330.69,0
ORD-100538,04/21/2024,Thomas Jackson,CU-10115,Executive Monitors E,Technology,Central,12,3662.99,607.21,0.3
ORD-100539,04/12/2024,Andrew Miller,CU-10174,Compact Monitors F,Technology,East,2,748,49.85,0
ORD-100540,03/07/2024,Mark Smith,CU-10184,Premium Fasteners A,Office Supplies,East,1,185.02,63.76,0
ORD-100541,08/31/2023,Mark Ramirez,CU-10098,Professional Sofas E,Furniture,West,8,4517.93,-664.78,0.1
ORD-100542,05/17/2023,Richard Brown,CU-10155,Basic Machines F,Technology,Central,9,1740.78,36.56,0
ORD-100543,08/23/2024,Andrew Anderson,CU-10124,Professional Laptops D,Technology,South,2,797.8,86.83,0
ORD-100544,08/28/2024,Robert Harris,CU-10045,Standard Tables C,Furniture,Central,4,116.56,9.89,0
ORD-100545,12/12/2023,Charles Smith,CU-10112,Professional Tables F,Furniture,West,5,1371.25,334.97,0
ORD-100546,08/13/2023,Charles Rodriguez,CU-10032,Executive Paper C,Office Supplies,East,9,2282.68,199.23,0.15
ORD-100547,02/16/2023,Donna Thompson,CU-10037,Premium Sofas D,Furniture,Central,6,4045.84,-450.92,0.1
ORD-100548,12/08/2024,Christopher Rodriguez,CU-10183,Executive Laptops E,Technology,East,10,7322.66,1556.83,0.15
ORD-100549,02/25/2023,Karen Johnson,CU-10110,Standard Chairs C,Furniture,East,7,1240.47,222.5,0
ORD-100550,07/07/2023,Jessica Lopez,CU-10061,Premium Copiers E,Technology,Central,11,766.15,242.42,0
ORD-100551,05/31/2024,Jessica Martin,CU-10040,Deluxe Office Desks C,Furniture,West,8,4101.7,446.63,0.2
ORD-100552,10/15/2023,Steven Thompson,CU-10079,Premium Fasteners A,Office Supplies,East,1,544.68,115.31,0
ORD-100553,03/21/2023,Kimberly Miller,CU-10083,Basic Office Desks F,Furniture,East,5,2301.28,369.87,0.2
ORD-100554,09/27/2023,Michelle Ramirez,CU-10028,Deluxe Fasteners C,Office Supplies,Central,5,3884.4,225.57,0
ORD-100555,07/28/2024,Steven White,CU-10153,Eco Art C,Office Supplies,South,10,1507.7,212.8,0
ORD-100556,03/31/2023,Donald Williams,CU-10006,Wireless Binders F,Office Supplies,East,1,382.59,55.88,0
ORD-100557,07/23/2024,Daniel Hernandez,CU-10100,Compact Bookcases B,Furniture,South,9,2777.54,298.51,0.2
ORD-100558,04/16/2024,Anthony Garcia,CU-10146,Wireless Supplies D,Office Supplies,South,3,1307.54,130.66,0.3
ORD-100559,08/15/2023,Michelle Wilson,CU-10111,Compact Storage B,Office Supplies,West,12,6971.33,563.75,0.2
ORD-100560,11/06/2023,Sandra Lopez,CU-10150,Deluxe Art D,Office Supplies,East,2,1375.04,74.57,0.1
ORD-100561,05/19/2024,Lisa Johnson,CU-10007,Basic Bookcases C,Furniture,South,9,5242.5,-468.65,0
ORD-100562,05/24/2024,Christopher Thompson,CU-10218,Premium Copiers E,Technology,West,3,149.09,17.22,0.2
ORD-100563,05/05/2023,John Clark,CU-10120,Deluxe Office Desks A,Furniture,South,11,9474.52,1762.64,0
ORD-100564,06/13/2024,Patricia Davis,CU-10101,Ergonomic Labels D,Office Supplies,Central,7,4182.78,989.28,0
ORD-100565,09/30/2023,Michael Davis,CU-10175,Standard Binders C,Office Supplies,South,12,2735.23,716.46,0.2
ORD-100566,01/07/2023,Michelle Smith,CU-10160,Ergonomic Labels D,Office Supplies,East,11,4914.37,868.85,0.3
ORD-100567,07/31/2023,William Lewis,CU-10209,Deluxe Art D,Office Supplies,East,6,1017.42,333.6,0
ORD-100568,10/18/2023,Donna Jackson,CU-10052,Professional Tables E,Furniture,Central,1,409.7,44.76,0
ORD-100569,06/18/2024,Steven Thompson,CU-10079,Eco Office Desks D,Furniture,East,6,946.68,-115.1,0.3
ORD-100570,02/19/2023,Robert Lewis,CU-10177,Premium Chairs F,Furniture,East,7,5190.9,-24.56,0.15
ORD-100571,09/12/2024,Donald Williams,CU-10006,Executive Bookcases F,Furniture,East,7,4687.55,305.95,0
ORD-100572,05/30/2023,Andrew Moore,CU-10117,Professional Tables D,Furniture,East,11,130.19,7.69,0.1
ORD-100573,10/20/2023,Joshua Anderson,CU-10049,Executive Copiers B,Technology,East,4,2561.08,120.95,0.1
ORD-100574,04/30/2024,Betty Sanchez,CU-10026,Wireless Machines B,Technology,South,5,2309.96,480.1,0.3
ORD-100575,11/02/2023,Anthony Garcia,CU-10146,Professional Copiers F,Technology,East,2,1276.96,50.57,0.1
ORD-100576,12/13/2023,Robert Thomas,CU-10182,Eco Phones E,Technology,Central,9,423.54,21.46,0
ORD-100577,01/07/2024,Daniel Taylor,CU-10044,Wireless Envelopes D,Office Supplies,South,6,917.57,302.21,0.2
ORD-100578,09/29/2023,Jessica Martin,CU-10040,Wireless Paper A,Office Supplies,West,2,33.1,7.24,0
ORD-100579,10/02/2024,Charles Smith,CU-10112,Basic Machines F,Technology,Central,1,553.71,83.69,0
ORD-100580,05/30/2023,Betty Brown,CU-10071,Wireless Phones D,Technology,West,6,3574.85,136.28,0.1
ORD-100581,03/03/2023,William Gonzalez,CU-10059,Wireless Machines B,Technology,East,8,3536.42,46.37,0.1
ORD-100582,12/20/2023,Lisa Hernandez,CU-10140,Wireless Phones D,Technology,South,8,1353.86,171.45,0.2
ORD-100583,08/08/2024,Joshua Anderson,CU-10049,Deluxe Labels B,Office Supplies,East,8,5719.74,2089.9,0.2
ORD-100584,03/17/2024,James Perez,CU-10201,Premium Sofas F,Furniture,West,5,465.75,-16.07,0.1
ORD-100585,01/26/2023,Charles Rodriguez,CU-10032,Deluxe Chairs A,Furniture,Central,11,4214.36,245.68,0.3
ORD-100586,12/24/2024,John Lopez,CU-10162,Basic Storage D,Office Supplies,Central,8,4986.79,203.51,0.1
ORD-100587,03/12/2023,Donald Smith,CU-10148,Ergonomic Accessories E,Technology,East,4,680.58,203.55,0.1
ORD-100588,04/06/2023,Andrew Moore,CU-10001,Basic Office Desks E,Furniture,East,7,4740.57,-507.87,0.2
ORD-100589,04/24/2024,Patricia Hernandez,CU-10143,Professional Supplies B,Office Supplies,West,9,216.84,73.4,0.1
ORD-100590,11/03/2024,Linda Lopez,CU-10164,Deluxe Art D,Office Supplies,West,1,564.5,204.72,0
ORD-100591,11/29/2023,Jennifer Harris,CU-10161,Standard Furnishings B,Furniture,South,9,3906.17,896.37,0.15
ORD-100592,03/01/2024,Lisa Wilson,CU-10038,Ergonomic Phones C,Technology,South,4,236.7,-1.09,0.2
ORD-100593,01/14/2024,Karen Clark,CU-10103,Premium Fasteners E,Office Supplies,West,5,946.65,49.05,0
ORD-100594,06/16/2024,James Martinez,CU-10106,Premium Copiers E,Technology,West,2,349,87.9,0.1
ORD-100595,01/03/2024,Joseph Jackson,CU-10158,Deluxe Labels E,Office Supplies,East,5,1924.4,505.81,0
ORD-100596,03/07/2024,Michelle Smith,CU-10160,Wireless Machines C,Technology,Central,8,3872.74,1125.84,0.1
ORD-100597,01/12/2024,William Lewis,CU-10209,Professional Tables F,Furniture,West,10,8217.4,199.7,0
ORD-100598,01/28/2023,Susan Sanchez,CU-10095,Ergonomic Furnishings E,Furniture,East,2,375.62,32.18,0
ORD-100599,07/01/2024,James Martinez,CU-10106,Eco Envelopes A,Office Supplies,Central,10,870.57,105.26,0.1
ORD-100600,05/03/2024,Patricia Hernandez,CU-10143,Executive Office Desks B,Furniture,Central,2,1117.4,113.32,0.3
ORD-100601,09/06/2024,Kimberly Miller,CU-10083,Professional Tables D,Furniture,South,8,801.68,146.42,0
ORD-100602,05/06/2023,William Martin,CU-10094,Professional Bookcases A,Furniture,South,11,2198.79,117.17,0.1
ORD-100603,07/16/2023,David Brown,CU-10086,Basic Accessories F,Technology,West,11,5585.6,670.57,0.15
ORD-100604,04/04/2024,Christopher Garcia,CU-10165,Standard Machines E,Technology,Central,4,3364.4,184.82,0
ORD-100605,07/21/2023,Sandra Garcia,CU-10197,Ergonomic Art E,Office Supplies,East,9,1894.75,523.07,0.1
ORD-100606,11/25/2023,Mary Hernandez,CU-10188,Basic Envelopes C,Office Supplies,West,6,698.3,225.11,0.2
ORD-100607,08/26/2024,Robert Moore,CU-10173,Basic Office Desks E,Furniture,East,7,259.62,40.31,0.2
ORD-100608,07/31/2023,Sandra Thomas,CU-10042,Eco Paper B,Office Supplies,South,12,2457.76,541.43,0.3
ORD-100609,01/20/2023,Emily Anderson,CU-10070,Professional Copiers F,Technology,West,12,6690.49,1057.03,0.15
ORD-100610,11/23/2024,Michael Harris,CU-10172,Executive Storage F,Office Supplies,South,1,368.47,114.48,0.1
ORD-100611,11/16/2023,Richard Robinson,CU-10008,Wireless Monitors D,Technology,South,11,7199.81,278.33,0.2
ORD-100612,09/02/2024,Anthony Jackson,CU-10000,Standard Machines E,Technology,South,11,7351.41,1783.96,0
ORD-100613,09/09/2023,Kimberly Moore,CU-10195,Eco Office Desks D,Furniture,West,3,1214.4,-166.45,0
ORD-100614,12/14/2024,Kimberly Miller,CU-10083,Deluxe Fasteners C,Office Supplies,Central,10,5439.4,1364.4,0.15
ORD-100615,12/22/2023,James Hernandez,CU-10053,Premium Fasteners A,Office Supplies,Central,1,695.58,15.09,0
ORD-100616,04/20/2023,John Johnson,CU-10138,Basic Machines F,Technology,East,4,1472.33,331.83,0.1
ORD-100617,11/23/2024,Michael Davis,CU-10175,Compact Bookcases B,Furniture,Central,10,8607.1,1738.84,0
ORD-100618,08/12/2024,Richard Brown,CU-10155,Standard Accessories B,Technology,West,4,144.84,5.29,0
ORD-100619,10/06/2023,Charles Garcia,CU-10147,Basic Paper E,Office Supplies,East,11,3666.41,1179.39,0
ORD-100620,07/06/2024,Sarah Davis,CU-10192,Deluxe Monitors C,Technology,East,11,5015.47,1612.54,0.2
ORD-100621,11/03/2023,Joseph Martinez,CU-10051,Professional Phones A,Technology,East,4,2471.95,872.01,0.3
ORD-100622,11/14/2023,Margaret Lewis,CU-10181,Basic Art A,Office Supplies,East,4,988.18,114.24,0.15
ORD-100623,05/21/2023,Jennifer Williams,CU-10113,Standard Chairs C,Furniture,Central,12,2697.58,51.6,0.3
ORD-100624,11/02/2023,Anthony Brown,CU-10025,Ergonomic Copiers D,Technology,South,7,3809.46,146.13,0.3
ORD-100625,04/21/2024,Lisa Williams,CU-10200,Basic Fasteners F,Office Supplies,South,5,2396.45,393.97,0
ORD-100626,07/22/2024,Ashley Clark,CU-10027,Executive Furnishings D,Furniture,East,3,966.82,-104.94,0.1
ORD-100627,04/12/2023,Linda Jackson,CU-10180,Standard Furnishings F,Furniture,South,7,1365.14,-13.91,0
ORD-100628,08/14/2023,Robert Harris,CU-10045,Executive Laptops C,Technology,Central,12,2619.36,46.68,0.15
ORD-100629,04/21/2023,Karen Gonzalez,CU-10055,Wireless Binders F,Office Supplies,South,8,5213.97,2148,0.15
ORD-100630,10/24/2023,Lisa Martin,CU-10178,Professional Sofas E,Furniture,Central,4,3510.16,-169.93,0
ORD-100631,10/09/2024,Mary Martin,CU-10190,Basic Envelopes B,Office Supplies,East,6,3026.73,852.94,0.3
ORD-100632,10/07/2023,Anthony Brown,CU-10025,Standard Tables C,Furniture,West,7,1509.9,-205.97,0
ORD-100633,07/20/2023,Andrew Moore,CU-10001,Professional Labels F,Office Supplies,East,4,2713.88,972.23,0
ORD-100634,04/08/2023,Karen Clark,CU-10103,Wireless Art F,Office Supplies,West,4,1070.14,235.59,0.2
ORD-100635,01/16/2024,James Martinez,CU-10106,Basic Machines F,Technology,Central,1,488.91,154.43,0.1
ORD-100636,08/05/2023,John Wilson,CU-10073,Compact Furnishings C,Furniture,East,11,4010.93,329.93,0.3
ORD-100637,11/06/2024,John Lopez,CU-10096,Ergonomic Accessories C,Technology,Central,9,6108.52,1209.58,0.15
ORD-100638,03/22/2023,Sandra Martinez,CU-10004,Wireless Binders F,Office Supplies,South,11,5446.32,1276.7,0
ORD-100639,04/17/2023,Karen Johnson,CU-10110,Ergonomic Accessories C,Technology,West,7,5569.77,855.85,0.1
ORD-100640,04/25/2024,Linda Sanchez,CU-10077,Ergonomic Labels D,Office Supplies,East,8,3738.5,1145.77,0.15
ORD-100641,04/06/2024,Karen Perez,CU-10057,Standard Tables C,Furniture,East,10,7670.88,929.49,0.1
ORD-100642,09/29/2023,Lisa Hernandez,CU-10140,Wireless Binders F,Office Supplies,South,2,62.08,1.69,0.3
ORD-100643,01/15/2023,Anthony Jackson,CU-10000,Executive Monitors A,Technology,East,11,8218.1,749.5,0
ORD-100644,09/02/2023,Anthony Anderson,CU-10066,Professional Laptops D,Technology,West,3,1786.97,11.99,0.2
ORD-100645,03/01/2024,Jessica Martin,CU-10040,Premium Binders A,Office Supplies,West,10,7088.9,575.46,0
ORD-100646,11/28/2023,James Hernandez,CU-10053,Ergonomic Phones F,Technology,East,5,2490.85,545.06,0
ORD-100647,05/27/2023,Daniel Hernandez,CU-10100,Executive Storage F,Office Supplies,West,9,5401.26,1748.07,0
ORD-100648,12/11/2024,Michelle Jackson,CU-10131,Standard Furnishings B,Furniture,West,10,2077.4,3.36,0.15
ORD-100649,10/28/2023,Christopher Clark,CU-10099,Executive Bookcases F,Furniture,South,10,3294.9,785.46,0
ORD-100650,06/24/2023,Andrew Anderson,CU-10124,Eco Phones E,Technology,East,10,147.7,46.09,0
ORD-100651,03/25/2024,Sarah Anderson,CU-10119,Basic Machines F,Technology,Central,9,3912.66,959.29,0
ORD-100652,01/04/2023,Joshua Anderson,CU-10049,Ergonomic Storage E,Office Supplies,Central,10,345.7,123.06,0
ORD-100653,07/03/2024,Christopher Moore,CU-10109,Executive Paper C,Office Supplies,Central,11,4336.42,174.58,0
ORD-100654,07/14/2024,Mary Martin,CU-10190,Standard Storage A,Office Supplies,Central,9,1805.98,691.97,0.2
ORD-100655,07/06/2023,Anthony Brown,CU-10213,Executive Supplies E,Office Supplies,East,2,1233.34,408.36,0
ORD-100656,08/04/2023,David Martin,CU-10067,Deluxe Office Desks A,Furniture,South,5,3167.46,219.8,0.1
ORD-100657,09/04/2023,Paul Jones,CU-10118,Wireless Binders F,Office Supplies,East,4,110.52,15.08,0
ORD-100658,09/29/2024,Emily Taylor,CU-10215,Deluxe Office Desks A,Furniture,East,4,411.21,17.93,0.3
ORD-100659,08/15/2023,Christopher Rodriguez,CU-10183,Compact Supplies C,Office Supplies,West,6,3960.24,557.06,0
ORD-100660,04/24/2023,Christopher Lee,CU-10060,Basic Laptops A,Technology,Central,3,1846.15,630.89,0.2
ORD-100661,06/19/2024,Christopher Thompson,CU-10218,Standard Binders C,Office Supplies,East,7,995.75,86.44,0
ORD-100662,12/30/2023,Sarah White,CU-10193,Eco Art C,Office Supplies,South,6,3451.74,753.06,0
ORD-100663,08/11/2023,Betty Robinson,CU-10092,Basic Office Desks F,Furniture,West,8,3599.62,439.5,0.2
ORD-100664,03/08/2023,Mark Smith,CU-10184,Deluxe Envelopes E,Office Supplies,West,5,2077.97,820.73,0.1
ORD-100665,03/12/2024,Kimberly Miller,CU-10083,Premium Laptops F,Technology,East,11,2372.52,624.76,0.3
ORD-100666,02/10/2023,Margaret Lewis,CU-10181,Ergonomic Labels D,Office Supplies,West,9,819.45,92.2,0
ORD-100667,07/17/2024,Emily Gonzalez,CU-10214,Deluxe Envelopes E,Office Supplies,South,12,9086.64,2959.55,0
ORD-100668,01/05/2023,Donna Jackson,CU-10052,Standard Furnishings F,Furniture,Central,11,828.67,31.57,0.3
ORD-100669,08/27/2024,Matthew Lee,CU-10072,Ergonomic Storage E,Office Supplies,South,9,4777.38,1814.87,0.1
ORD-100670,03/03/2024,Michael Harris,CU-10172,Deluxe Accessories A,Technology,South,8,4737.43,179.7,0.3
ORD-100671,11/27/2024,Matthew Lee,CU-10072,Executive Office Desks B,Furniture,Central,9,5456.81,284.42,0.1
ORD-100672,09/17/2024,Elizabeth Martinez,CU-10122,Premium Fasteners A,Office Supplies,East,5,2696,121.69,0
ORD-100673,09/02/2024,Jessica Lopez,CU-10061,Compact Storage C,Office Supplies,Central,4,103.48,22.05,0
ORD-100674,01/26/2023,Lisa Hernandez,CU-10140,Deluxe Sofas A,Furniture,Central,9,4046.76,-490.83,0
ORD-100675,03/18/2024,Charles Smith,CU-10112,Premium Sofas D,Furniture,South,9,3045.86,254.49,0.3
ORD-100676,12/01/2024,Donald Williams,CU-10006,Ergonomic Labels D,Office Supplies,South,12,8285.04,2655.58,0
ORD-100677,09/30/2023,David Ramirez,CU-10036,Basic Laptops A,Technology,Central,11,7856.75,177.53,0
ORD-100678,04/18/2024,Robert Moore,CU-10173,Executive Supplies A,Office Supplies,West,9,4229.42,235.43,0.2
ORD-100679,07/15/2023,Lisa Clark,CU-10205,Ergonomic Furnishings E,Furniture,West,1,142.1,26.46,0.3
ORD-100680,07/11/2023,Emily Anderson,CU-10163,Executive Supplies A,Office Supplies,West,4,1434.19,72.08,0.15
ORD-100681,06/03/2024,Steven White,CU-10153,Basic Fasteners F,Office Supplies,South,10,5936,1801.76,0
ORD-100682,10/02/2023,Linda Jackson,CU-10180,Wireless Art F,Office Supplies,East,12,5078.81,2090.47,0.1
ORD-100683,07/07/2023,Michael Davis,CU-10175,Compact Bookcases B,Furniture,Central,12,3937,29.89,0.15
ORD-100684,07/12/2024,Karen Perez,CU-10057,Basic Storage D,Office Supplies,East,11,1270.63,519.56,0.2
ORD-100685,02/26/2024,Anthony Brown,CU-10025,Standard Binders B,Office Supplies,Central,3,1103.01,428.44,0
ORD-100686,08/02/2023,Linda Lopez,CU-10164,Basic Storage D,Office Supplies,South,1,561.88,132.53,0.15
ORD-100687,08/01/2023,Steven Harris,CU-10041,Basic Storage D,Office Supplies,South,10,7610.7,2616.64,0
ORD-100688,12/07/2024,Steven Lewis,CU-10015,Basic Accessories F,Technology,East,3,616.62,159.78,0.15
ORD-100689,08/13/2024,Anthony Sanchez,CU-10210,Deluxe Monitors C,Technology,East,11,6440.17,1290.22,0
ORD-100690,02/09/2024,Mark Miller,CU-10129,Basic Office Desks E,Furniture,Central,5,2168.18,468.38,0.15
ORD-100691,02/04/2023,Paul Gonzalez,CU-10133,Executive Office Desks B,Furniture,East,7,1359.23,-147.07,0.1
ORD-100692,06/21/2024,Joshua Martinez,CU-10011,Deluxe Bookcases D,Furniture,West,8,6131.68,658.32,0
ORD-100693,08/15/2024,Andrew Sanchez,CU-10128,Wireless Sofas C,Furniture,West,8,3450.8,694.86,0
ORD-100694,06/29/2024,Sandra Garcia,CU-10197,Deluxe Office Desks A,Furniture,East,6,2488.54,-270.49,0.15
ORD-100695,05/06/2023,Mary Hernandez,CU-10188,Executive Furnishings D,Furniture,West,9,2856.53,-317.85,0.2
ORD-100696,11/30/2024,Steven White,CU-10153,Deluxe Art D,Office Supplies,East,2,1161.7,251.41,0.1
ORD-100697,03/09/2024,Mark Smith,CU-10184,Premium Tables B,Furniture,Central,12,916.92,135.26,0
ORD-100698,04/24/2024,Donald Martinez,CU-10104,Executive Paper C,Office Supplies,Central,8,937.16,227.82,0.3
ORD-100699,08/30/2024,Emily Sanchez,CU-10107,Standard Furnishings F,Furniture,Central,12,1281.7,-73.2,0.2
ORD-100700,11/27/2024,Donald Thompson,CU-10219,Professional Labels F,Office Supplies,South,10,5950.25,472.99,0.15
ORD-100701,07/09/2023,Kimberly Rodriguez,CU-10136,Executive Storage F,Office Supplies,Central,6,3802.98,809.48,0
ORD-100702,11/18/2024,Linda Lewis,CU-10141,Compact Monitors F,Technology,South,3,1944.3,454.48,0.15
ORD-100703,05/14/2023,Jessica Martin,CU-10040,Ergonomic Machines A,Technology,Central,2,717.77,59.99,0.3
ORD-100704,02/19/2023,David Brown,CU-10086,Basic Paper E,Office Supplies,Central,5,1314.95,285.28,0.15
ORD-100705,07/27/2023,Donald Taylor,CU-10212,Standard Machines E,Technology,South,10,5249.69,1774.9,0.15
ORD-100706,04/19/2024,Steven Harris,CU-10041,Basic Paper E,Office Supplies,West,4,3115.72,1126.31,0
ORD-100707,03/16/2024,Michelle Clark,CU-10013,Ergonomic Furnishings E,Furniture,West,10,5101.5,-529.5,0
ORD-100708,04/17/2024,Emily White,CU-10149,Standard Furnishings B,Furniture,West,9,6286.33,-869,0.1
ORD-100709,03/08/2024,Thomas Perez,CU-10058,Eco Phones E,Technology,West,7,1737.76,339.07,0.15
ORD-100710,10/10/2024,Kimberly Moore,CU-10195,Premium Chairs F,Furniture,East,1,770.47,149.29,0
ORD-100711,05/09/2024,Andrew Thompson,CU-10207,Wireless Monitors D,Technology,East,4,793.02,8.43,0.2
ORD-100712,10/14/2024,Thomas Miller,CU-10035,Professional Copiers C,Technology,South,3,1023.6,232.63,0
ORD-100713,09/12/2023,Karen Johnson,CU-10110,Ergonomic Copiers D,Technology,South,8,6633.68,268.46,0
ORD-100714,06/30/2024,Joshua Martinez,CU-10011,Professional Tables D,Furniture,Central,11,9673.07,565.62,0
ORD-100715,11/02/2024,Thomas Miller,CU-10035,Basic Laptops A,Technology,Central,6,820.85,250.01,0.2
ORD-100716,06/27/2023,Barbara Gonzalez,CU-10064,Standard Binders B,Office Supplies,East,9,2175.03,544.24,0
ORD-100717,05/27/2024,Margaret Lee,CU-10169,Professional Labels F,Office Supplies,East,1,100.74,30.14,0
ORD-100718,02/28/2024,Patricia Ramirez,CU-10034,Deluxe Art D,Office Supplies,East,7,1512.97,64.53,0.15
ORD-100719,12/03/2023,Margaret Lee,CU-10169,Deluxe Envelopes E,Office Supplies,West,3,1176.53,28.59,0.1
ORD-100720,12/28/2023,John Moore,CU-10031,Eco Phones E,Technology,West,11,9057.4,86.7,0
ORD-100721,02/06/2024,Betty Sanchez,CU-10026,Compact Monitors F,Technology,West,12,7322.87,1002.14,0.3
ORD-100722,11/07/2023,Donna Garcia,CU-10185,Basic Machines F,Technology,South,7,2894.02,492.71,0.15
ORD-100723,12/04/2023,Emily White,CU-10149,Professional Tables E,Furniture,South,8,2941.38,-292.58,0.2
ORD-100724,12/28/2024,Thomas Rodriguez,CU-10170,Wireless Supplies D,Office Supplies,South,10,2806.96,850.37,0.2
ORD-100725,12/06/2024,James Martinez,CU-10106,Wireless Paper A,Office Supplies,West,7,3533.49,327.34,0.2
ORD-100726,11/06/2024,Joshua Moore,CU-10022,Premium Sofas F,Furniture,South,5,4189.5,574.95,0
ORD-100727,08/23/2023,Emily White,CU-10149,Professional Tables E,Furniture,East,5,601.1,20.14,0
ORD-100728,04/26/2023,David Ramirez,CU-10036,Ergonomic Phones F,Technology,Central,4,1126.27,55.94,0.2
ORD-100729,09/20/2024,Mary Hernandez,CU-10188,Ergonomic Phones F,Technology,West,3,1805.82,419.61,0
ORD-100730,10/01/2023,John Thompson,CU-10206,Deluxe Office Desks C,Furniture,East,11,3481.94,768.72,0
ORD-100731,09/12/2024,Robert Ramirez,CU-10074,Executive Laptops C,Technology,Central,3,606.79,111.68,0.2
ORD-100732,06/01/2024,Betty Robinson,CU-10092,Wireless Monitors D,Technology,South,3,1188.5,193.71,0.3
ORD-100733,08/31/2023,Emily Anderson,CU-10070,Premium Bookcases E,Furniture,East,8,318.72,58.03,0
ORD-100734,02/20/2024,Paul Jones,CU-10118,Executive Laptops C,Technology,Central,6,1652.74,-3.21,0.2
ORD-100735,03/14/2023,Barbara Rodriguez,CU-10080,Premium Tables B,Furniture,South,7,2120.94,157.39,0.15
ORD-100736,07/19/2024,Donald Taylor,CU-10212,Executive Monitors E,Technology,Central,2,446.2,89.76,0.15
ORD-100737,06/30/2023,Sarah Jackson,CU-10033,Deluxe Office Desks C,Furniture,West,4,2284.85,450.92,0.1
ORD-100738,12/23/2024,Ashley Rodriguez,CU-10137,Basic Storage D,Office Supplies,South,11,3200.41,1199.68,0.15
ORD-100739,05/05/2024,Christopher Jones,CU-10081,Wireless Machines B,Technology,Central,6,1183.25,168.55,0.2
ORD-100740,10/30/2023,Sarah Anderson,CU-10063,Basic Labels C,Office Supplies,West,12,2651.62,849.08,0.1
ORD-100741,09/02/2024,Donna Jackson,CU-10052,Deluxe Monitors C,Technology,West,10,1108.8,201.02,0
ORD-100742,02/01/2023,Thomas Perez,CU-10058,Basic Art A,Office Supplies,West,2,996.66,275.95,0
ORD-100743,08/23/2023,Emily Anderson,CU-10163,Professional Laptops D,Technology,West,7,2644.46,659.29,0
ORD-100744,12/29/2023,Sandra Thomas,CU-10042,Executive Monitors E,Technology,East,7,2722.44,727.36,0.2
ORD-100745,04/11/2023,Christopher Jones,CU-10081,Ergonomic Binders E,Office Supplies,South,9,2376.86,361.99,0.1
ORD-100746,07/17/2024,Robert Ramirez,CU-10074,Basic Accessories F,Technology,South,5,467.7,46.28,0
ORD-100747,09/15/2024,Thomas Miller,CU-10035,Standard Laptops B,Technology,Central,9,115.98,19.05,0.3
ORD-100748,04/12/2023,Betty Hernandez,CU-10005,Standard Furnishings F,Furniture,South,11,2152.04,247.94,0.2
ORD-100749,05/17/2023,Susan Thompson,CU-10145,Professional Copiers C,Technology,West,3,220.55,80.37,0.15
ORD-100750,12/13/2023,Margaret Lee,CU-10169,Basic Chairs D,Furniture,South,6,4301.38,-378.93,0.2
ORD-100751,05/05/2024,Joseph Davis,CU-10003,Ergonomic Art E,Office Supplies,Central,3,1538.81,363.36,0.2
ORD-100752,09/12/2023,Linda Robinson,CU-10024,Basic Laptops A,Technology,Central,4,1185.56,39.51,0
ORD-100753,01/16/2023,Sarah White,CU-10193,Standard Binders B,Office Supplies,South,11,4223.38,1559.11,0.2
ORD-100754,10/29/2024,Richard Williams,CU-10198,Basic Machines F,Technology,Central,11,1115.4,121.93,0.2
ORD-100755,12/07/2023,Ashley Martin,CU-10116,Compact Fasteners D,Office Supplies,South,3,725.82,179.87,0
ORD-100756,05/14/2023,Donald Thompson,CU-10219,Deluxe Office Desks A,Furniture,Central,9,4204.22,801.65,0.1
ORD-100757,06/15/2024,Robert Ramirez,CU-10074,Professional Labels F,Office Supplies,West,7,2316.65,801.35,0
ORD-100758,04/12/2024,Sarah Anderson,CU-10119,Professional Tables E,Furniture,South,1,100.57,-14.81,0.15
ORD-100759,06/03/2024,Emily Anderson,CU-10070,Wireless Phones D,Technology,Central,10,456.75,158.42,0.1
ORD-100760,04/11/2023,John Wilson,CU-10073,Basic Fasteners F,Office Supplies,South,1,17.12,4.27,0
ORD-100761,02/16/2023,Sandra Thomas,CU-10014,Eco Envelopes A,Office Supplies,Central,9,3751.92,391.95,0.1
ORD-100762,06/03/2023,Kimberly Martinez,CU-10068,Compact Binders D,Office Supplies,West,3,118.13,20.92,0.2
ORD-100763,01/08/2023,Linda Jackson,CU-10180,Deluxe Monitors C,Technology,Central,5,959.65,-18.64,0
ORD-100764,01/13/2023,Jennifer Williams,CU-10113,Executive Paper C,Office Supplies,Central,1,131.67,11.14,0.3
ORD-100765,10/21/2024,Margaret Lewis,CU-10181,Premium Copiers E,Technology,South,11,1432.2,48.99,0
ORD-100766,01/22/2024,Sandra Martinez,CU-10004,Wireless Monitors D,Technology,South,12,2131.49,55.8,0.15
ORD-100767,11/22/2024,Andrew Lee,CU-10217,Professional Tables E,Furniture,West,5,2868.15,423.11,0
ORD-100768,04/24/2023,Steven White,CU-10153,Standard Labels A,Office Supplies,East,12,8894.66,1731.33,0.1
ORD-100769,09/11/2024,Thomas Miller,CU-10035,Executive Copiers B,Technology,West,9,604.08,1.29,0
ORD-100770,03/07/2024,Patricia Brown,CU-10208,Professional Tables E,Furniture,South,6,2779.91,-333.69,0.15
ORD-100771,07/26/2024,Nancy Smith,CU-10002,Wireless Binders F,Office Supplies,West,6,557.34,231.9,0.3
ORD-100772,11/23/2024,Richard Lewis,CU-10043,Eco Fasteners B,Office Supplies,Central,2,482.24,171.47,0
ORD-100773,02/23/2024,Linda Robinson,CU-10024,Deluxe Accessories A,Technology,Central,4,1738.56,541.06,0
ORD-100774,10/06/2024,Sandra Robinson,CU-10030,Compact Binders D,Office Supplies,Central,4,1086.16,356.01,0
ORD-100775,05/17/2024,Sandra Martinez,CU-10004,Professional Tables E,Furniture,East,11,5488.36,-455.54,0.1
ORD-100776,12/17/2023,Kimberly Miller,CU-10142,Standard Laptops B,Technology,South,12,5935.46,1877.85,0.1
ORD-100777,07/10/2023,Anthony Brown,CU-10025,Professional Copiers C,Technology,East,12,7708.03,-71.63,0.2
ORD-100778,01/25/2023,Charles Lee,CU-10202,Basic Machines F,Technology,West,9,1932.66,392.08,0
ORD-100779,11/11/2023,Anthony Sanchez,CU-10210,Basic Office Desks E,Furniture,East,12,5722.94,-8.99,0.2
ORD-100780,01/06/2024,Mark Ramirez,CU-10098,Ergonomic Labels D,Office Supplies,West,10,1423.71,356.82,0.1
ORD-100781,06/24/2024,Andrew Miller,CU-10174,Basic Chairs D,Furniture,West,12,4606.56,226.08,0
ORD-100782,02/16/2024,Robert Harris,CU-10045,Premium Binders A,Office Supplies,West,4,1232.16,99.28,0.15
ORD-100783,01/31/2024,Richard Garcia,CU-10069,Standard Tables C,Furniture,West,5,3118.71,97.18,0.3
ORD-100784,01/05/2023,Donna Thompson,CU-10037,Wireless Machines B,Technology,East,12,4762.85,359.21,0.2
ORD-100785,04/28/2023,Matthew Miller,CU-10135,Compact Binders D,Office Supplies,Central,1,122.35,45.32,0
ORD-100786,07/18/2023,Charles Rodriguez,CU-10032,Professional Paper F,Office Supplies,South,1,440.91,154.93,0
ORD-100787,03/28/2024,Susan Johnson,CU-10157,Ergonomic Furnishings E,Furniture,West,1,17.79,1.05,0.3
ORD-100788,08/20/2024,Donald Martinez,CU-10104,Deluxe Bookcases D,Furniture,East,7,3654.42,285.71,0
ORD-100789,12/23/2023,Richard Williams,CU-10198,Basic Paper E,Office Supplies,East,8,311.11,60.32,0.1
ORD-100790,07/13/2023,Donald Jones,CU-10199,Deluxe Office Desks C,Furniture,Central,12,3997.32,160.62,0
ORD-100791,08/14/2023,Robert Thomas,CU-10182,Deluxe Envelopes E,Office Supplies,West,2,1628.1,620.02,0
ORD-100792,07/06/2024,Mark Smith,CU-10184,Ergonomic Phones C,Technology,Central,4,395.86,143.57,0.3
ORD-100793,05/19/2023,Sandra Thomas,CU-10014,Basic Laptops A,Technology,South,5,672.2,9.17,0
ORD-100794,01/28/2024,James Martinez,CU-10106,Ergonomic Phones B,Technology,Central,5,3018.72,488.66,0.2
ORD-100795,03/29/2023,Sandra Garcia,CU-10197,Professional Tables F,Furniture,East,4,2371.48,349.63,0
ORD-100796,03/29/2024,Michelle Smith,CU-10160,Wireless Sofas C,Furniture,East,2,44.08,7.39,0
ORD-100797,05/27/2023,Emily Taylor,CU-10121,Executive Supplies E,Office Supplies,South,7,1652.42,693.06,0
ORD-100798,09/17/2024,Richard Garcia,CU-10069,Wireless Chairs B,Furniture,West,2,1450.86,-9.19,0
ORD-100799,11/05/2023,Linda Sanchez,CU-10077,Ergonomic Accessories E,Technology,Central,10,1200.03,446.32,0.15
ORD-100800,04/15/2024,William Martin,CU-10094,Professional Art B,Office Supplies,South,9,4350.02,1645.9,0.15
ORD-100801,01/29/2024,Nancy Martin,CU-10216,Premium Fasteners E,Office Supplies,West,8,2978.93,269.34,0.1
ORD-100802,03/19/2023,Patricia Davis,CU-10101,Executive Machines D,Technology,West,4,593.04,149.02,0
ORD-100803,11/26/2023,John Wilson,CU-10073,Wireless Sofas B,Furniture,South,12,5060.02,839.3,0.15
ORD-100804,03/12/2023,Linda Lewis,CU-10141,Wireless Machines B,Technology,West,8,3670,233.69,0
ORD-100805,09/23/2023,Karen Johnson,CU-10110,Wireless Art F,Office Supplies,South,3,1687.03,196.79,0.2
ORD-100806,10/28/2024,Kimberly Rodriguez,CU-10136,Eco Envelopes F,Office Supplies,West,12,2144.04,620.1,0
ORD-100807,04/26/2023,Patricia Ramirez,CU-10034,Professional Tables D,Furniture,Central,6,4392.84,-606.61,0
ORD-100808,10/22/2024,Joshua Rodriguez,CU-10089,Deluxe Monitors C,Technology,Central,9,5987.28,153.89,0.1
ORD-100809,08/11/2024,Robert Thomas,CU-10182,Basic Envelopes B,Office Supplies,West,11,6909.94,2170.37,0.2
ORD-100810,06/10/2024,Matthew Lee,CU-10072,Compact Supplies C,Office Supplies,East,8,4328.3,732.53,0.3
ORD-100811,02/29/2024,James Martinez,CU-10106,Premium Accessories D,Technology,South,12,2002.14,362.52,0.3
ORD-100812,06/21/2023,Susan Sanchez,CU-10095,Wireless Binders F,Office Supplies,Central,8,573.24,100.93,0.15
ORD-100813,11/01/2023,Sandra Lopez,CU-10150,Deluxe Art D,Office Supplies,West,2,969.23,357.83,0.3
ORD-100814,06/23/2024,Richard Brown,CU-10155,Basic Bookcases C,Furniture,West,8,1356.72,98.53,0
ORD-100815,03/15/2023,Ashley Clark,CU-10027,Ergonomic Machines A,Technology,West,11,4302.21,1377.86,0
ORD-100816,10/21/2023,Joseph Jackson,CU-10158,Professional Bookcases A,Furniture,South,1,385.7,-49.33,0.2
ORD-100817,09/16/2024,Michael Harris,CU-10172,Compact Fasteners D,Office Supplies,East,5,4390.25,303.03,0
ORD-100818,06/25/2023,Steven Lewis,CU-10015,Professional Copiers F,Technology,South,3,2654.91,191.07,0
ORD-100819,12/13/2023,Joseph Davis,CU-10003,Executive Copiers B,Technology,West,6,1825.54,79.95,0.2
ORD-100820,02/12/2024,Andrew Moore,CU-10117,Ergonomic Accessories C,Technology,Central,11,2102.87,686.47,0
ORD-100821,06/20/2023,Thomas Perez,CU-10058,Premium Tables B,Furniture,East,3,1467.3,-4.58,0.15
ORD-100822,12/17/2023,Andrew Sanchez,CU-10128,Standard Labels A,Office Supplies,East,3,582.1,93.88,0.3
ORD-100823,11/04/2024,Anthony Martinez,CU-10023,Compact Monitors F,Technology,Central,8,6254.24,862.36,0
ORD-100824,11/11/2024,Betty Hernandez,CU-10005,Standard Storage A,Office Supplies,West,4,2544.01,731.09,0.1
ORD-100825,06/09/2023,Lisa Clark,CU-10205,Standard Tables C,Furniture,Central,12,8614.21,1154.9,0.15
ORD-100826,10/20/2024,Margaret Lee,CU-10169,Basic Bookcases C,Furniture,East,7,3783.91,-224.47,0.1
ORD-100827,09/10/2024,Steven Martinez,CU-10194,Premium Laptops F,Technology,Central,5,548.9,125.74,0
ORD-100828,09/09/2023,Robert Moore,CU-10173,Executive Supplies E,Office Supplies,West,12,5477.54,2170.16,0.1
ORD-100829,09/18/2024,Patricia Davis,CU-10101,Professional Art B,Office Supplies,Central,3,51.05,10.51,0.3
ORD-100830,01/05/2023,Michelle Ramirez,CU-10028,Ergonomic Machines A,Technology,East,2,272.74,100.27,0
ORD-100831,01/31/2024,Charles Rodriguez,CU-10032,Executive Supplies A,Office Supplies,Central,10,2810.78,84.28,0.3
ORD-100832,04/01/2023,Sarah Davis,CU-10192,Eco Chairs E,Furniture,South,5,606.39,68.03,0.15
ORD-100833,02/19/2023,Margaret Lee,CU-10169,Wireless Monitors D,Technology,West,11,4311.15,1515.08,0.1
ORD-100834,10/16/2024,James Robinson,CU-10130,Compact Storage B,Office Supplies,South,5,3037.33,92.15,0.3
ORD-100835,06/24/2023,Paul Hernandez,CU-10127,Standard Chairs C,Furniture,West,3,1076.19,32.06,0
ORD-100836,11/18/2024,Thomas Miller,CU-10035,Premium Supplies F,Office Supplies,South,10,3951.92,721.77,0.2
ORD-100837,04/22/2023,Jessica Lopez,CU-10061,Deluxe Office Desks C,Furniture,Central,12,7410.05,357.15,0.2
ORD-100838,09/14/2024,Barbara Garcia,CU-10078,Eco Envelopes A,Office Supplies,East,2,626.91,201.33,0.15
ORD-100839,09/15/2023,Paul Jones,CU-10118,Deluxe Monitors C,Technology,West,12,1739.51,252.99,0.15
ORD-100840,10/05/2023,Michelle Smith,CU-10160,Wireless Sofas C,Furniture,South,5,2061.32,91.51,0.3
ORD-100841,05/09/2024,Margaret Lewis,CU-10181,Executive Furnishings D,Furniture,West,9,2356.39,14.7,0.3
ORD-100842,05/26/2024,Christopher Jones,CU-10081,Standard Furnishings F,Furniture,East,6,1111.44,-142.93,0.2
ORD-100843,10/30/2023,Donald Smith,CU-10148,Premium Fasteners A,Office Supplies,South,3,318.69,104.41,0
ORD-100844,10/02/2023,James Taylor,CU-10114,Compact Monitors F,Technology,East,8,1586.72,60.1,0
ORD-100845,02/18/2023,Sandra Robinson,CU-10030,Professional Sofas E,Furniture,West,4,340.34,-13.3,0.15
ORD-100846,06/17/2023,Lisa Clark,CU-10205,Compact Fasteners D,Office Supplies,East,7,3087.81,205.81,0.15
ORD-100847,05/27/2024,Donald Martinez,CU-10084,Wireless Machines C,Technology,West,3,2157.57,770.55,0
ORD-100848,01/12/2024,Andrew Moore,CU-10117,Premium Chairs F,Furniture,Central,5,2810.32,474.9,0.3
ORD-100849,01/27/2024,Barbara Gonzalez,CU-10064,Standard Furnishings F,Furniture,Central,8,4253.65,930.32,0.3
ORD-100850,08/11/2024,John Johnson,CU-10138,Premium Bookcases E,Furniture,West,2,447.7,69.32,0
ORD-100851,07/07/2024,Donald Smith,CU-10148,Wireless Supplies D,Office Supplies,East,11,8529.07,2928.3,0
ORD-100852,12/16/2023,Karen Johnson,CU-10110,Professional Laptops D,Technology,Central,4,1301.6,35.88,0
ORD-100853,10/25/2024,Andrew Moore,CU-10117,Basic Machines F,Technology,Central,4,216.22,11.71,0.2
ORD-100854,09/29/2023,Steven Harris,CU-10041,Premium Fasteners A,Office Supplies,South,2,74.31,5.41,0.15
ORD-100855,03/17/2024,Barbara Garcia,CU-10078,Wireless Machines C,Technology,West,12,8099.4,1399.93,0
ORD-100856,12/04/2023,James White,CU-10179,Executive Machines D,Technology,Central,8,4764.67,2.37,0.2
ORD-100857,06/30/2024,Sandra Lopez,CU-10150,Ergonomic Binders E,Office Supplies,Central,4,1705.52,198.93,0
ORD-100858,08/03/2024,Richard Brown,CU-10155,Deluxe Tables A,Furniture,West,6,2895.93,-73.12,0.15
ORD-100859,08/02/2023,Ashley Martin,CU-10116,Premium Accessories D,Technology,East,5,353.56,89.07,0.2
ORD-100860,05/03/2024,Jessica Martin,CU-10040,Ergonomic Phones C,Technology,East,3,313.08,36.32,0
ORD-100861,03/09/2023,Daniel Hernandez,CU-10100,Basic Envelopes C,Office Supplies,West,7,3159.74,380.53,0.2
ORD-100862,05/10/2023,Matthew Miller,CU-10135,Eco Envelopes F,Office Supplies,East,10,389.9,72.61,0
ORD-100863,06/17/2024,Kimberly Miller,CU-10142,Basic Paper E,Office Supplies,East,6,3461.89,434.76,0.3
ORD-100864,01/21/2024,Joshua Jackson,CU-10168,Ergonomic Storage E,Office Supplies,South,5,210.25,19.99,0
ORD-100865,02/23/2023,Margaret Lewis,CU-10181,Compact Storage C,Office Supplies,Central,2,187.94,6.8,0.3
ORD-100866,06/30/2023,Daniel Taylor,CU-10044,Professional Labels F,Office Supplies,Central,1,140.64,58.41,0.15
ORD-100867,09/07/2024,Donald Martinez,CU-10104,Wireless Machines B,Technology,South,4,3151.52,1110.08,0
ORD-100868,04/06/2023,Daniel Hernandez,CU-10100,Compact Bookcases B,Furniture,West,12,10789.68,147.9,0
ORD-100869,11/23/2023,Emily Taylor,CU-10215,Ergonomic Phones C,Technology,South,8,7054.16,974.92,0
ORD-100870,12/18/2023,Andrew Miller,CU-10174,Eco Envelopes F,Office Supplies,West,7,2414.38,639.65,0.2
ORD-100871,02/24/2023,Patricia Hernandez,CU-10143,Basic Machines F,Technology,West,5,1356.85,490,0.3
ORD-100872,12/07/2023,Christopher Rodriguez,CU-10183,Deluxe Sofas A,Furniture,South,3,2640.99,72.87,0
ORD-100873,02/16/2024,Mark Smith,CU-10184,Premium Tables B,Furniture,Central,4,1866.53,26.69,0.1
ORD-100874,03/27/2023,William Thomas,CU-10126,Professional Art B,Office Supplies,South,7,5077.31,164.56,0
ORD-100875,03/16/2023,Thomas Miller,CU-10035,Wireless Sofas B,Furniture,Central,7,4370.52,968.96,0
ORD-100876,06/01/2024,Jessica Martin,CU-10040,Wireless Binders F,Office Supplies,West,2,454.18,19.14,0
ORD-100877,12/23/2024,Steven Clark,CU-10016,Deluxe Chairs A,Furniture,Central,1,559.87,41.83,0.3
ORD-100878,10/03/2024,Lisa Johnson,CU-10007,Basic Paper E,Office Supplies,East,1,715.18,250.42,0.1
ORD-100879,06/08/2024,Donald Taylor,CU-10009,Premium Accessories D,Technology,West,5,1809.91,34.29,0.15
ORD-100880,04/15/2024,Sandra Martinez,CU-10004,Premium Binders A,Office Supplies,Central,4,2272.21,950.5,0.1
ORD-100881,05/16/2023,Barbara Garcia,CU-10078,Wireless Phones D,Technology,West,6,1579.47,287.12,0.15
ORD-100882,03/30/2024,Kimberly Rodriguez,CU-10136,Basic Accessories F,Technology,South,11,6142.95,1836.03,0.1
ORD-100883,08/26/2023,Christopher Moore,CU-10109,Compact Fasteners D,Office Supplies,West,6,3255.82,193.13,0.1
ORD-100884,06/15/2024,Kimberly Martinez,CU-10068,Standard Furnishings B,Furniture,South,2,1213.43,236.95,0.1
ORD-100885,07/19/2024,Sandra Thomas,CU-10014,Wireless Envelopes D,Office Supplies,East,10,4187.1,970.62,0
ORD-100886,09/05/2024,Christopher Jones,CU-10081,Professional Art B,Office Supplies,Central,4,2613.56,573.18,0
ORD-100887,12/11/2023,Matthew Johnson,CU-10171,Ergonomic Art E,Office Supplies,South,3,522.19,92.44,0.2
ORD-100888,09/16/2023,Andrew Sanchez,CU-10128,Professional Copiers F,Technology,Central,10,1405.64,318.07,0.15
ORD-100889,02/08/2023,John Lopez,CU-10162,Premium Copiers E,Technology,West,1,401.21,8.08,0
ORD-100890,08/08/2023,Steven Martinez,CU-10050,Wireless Paper A,Office Supplies,East,3,195.9,10.66,0
ORD-100891,03/12/2023,Patricia Brown,CU-10208,Executive Machines D,Technology,West,5,2107.98,170.66,0.1
ORD-100892,03/01/2024,Mark Smith,CU-10184,Standard Accessories B,Technology,West,6,1744.26,48.04,0
ORD-100893,01/28/2023,Robert Lewis,CU-10177,Standard Binders C,Office Supplies,West,8,2117.36,602.15,0.3
ORD-100894,01/27/2024,Christopher Thompson,CU-10218,Basic Paper D,Office Supplies,East,4,3097.2,968.2,0
ORD-100895,09/18/2024,David Ramirez,CU-10036,Ergonomic Accessories C,Technology,East,8,2310.24,588.23,0
ORD-100896,09/30/2024,Margaret Thomas,CU-10203,Ergonomic Furnishings E,Furniture,West,7,3305.12,704.87,0
ORD-100897,11/08/2023,Charles Smith,CU-10112,Standard Laptops B,Technology,South,6,597.02,-8.55,0.2
ORD-100898,08/27/2023,Patricia Davis,CU-10101,Premium Laptops F,Technology,West,11,8203.64,1817.35,0.1
ORD-100899,10/13/2023,Robert Thomas,CU-10182,Basic Envelopes C,Office Supplies,West,9,2649.78,86.5,0.3
ORD-100900,09/01/2024,Margaret Lewis,CU-10181,Basic Accessories F,Technology,East,4,2719.32,79.38,0
ORD-100901,09/23/2023,Richard Brown,CU-10155,Premium Laptops F,Technology,West,8,1473.12,35.73,0
ORD-100902,02/12/2024,Jessica Martin,CU-10040,Eco Paper B,Office Supplies,West,8,4197.36,171.74,0
ORD-100903,01/18/2024,Matthew Lee,CU-10072,Basic Office Desks E,Furniture,Central,4,1195.08,-134.63,0
ORD-100904,07/26/2024,Sarah White,CU-10193,Eco Fasteners B,Office Supplies,Central,6,3368.96,134.55,0.15
ORD-100905,09/05/2023,Donald Smith,CU-10154,Premium Sofas F,Furniture,West,1,582.99,-6.43,0.3
ORD-100906,03/31/2023,Ashley Davis,CU-10108,Professional Supplies B,Office Supplies,East,4,1023.77,135.33,0.15
ORD-100907,09/25/2023,Sandra Martinez,CU-10004,Deluxe Envelopes E,Office Supplies,South,8,2407.55,1000.96,0.3
ORD-100908,01/03/2023,Matthew Martinez,CU-10125,Ergonomic Phones C,Technology,East,11,1853.18,304.24,0.1
ORD-100909,05/01/2024,Emily Anderson,CU-10070,Premium Tables B,Furniture,South,9,302.04,-30.74,0
ORD-100910,05/07/2023,Karen Perez,CU-10057,Professional Tables D,Furniture,West,8,2314.56,519.47,0
ORD-100911,01/20/2023,Lisa Wilson,CU-10038,Standard Chairs C,Furniture,Central,10,8571.3,596.63,0
ORD-100912,08/29/2023,Anthony Sanchez,CU-10091,Compact Furnishings C,Furniture,South,8,4138.01,-442.93,0.3
ORD-100913,06/22/2023,Christopher Jones,CU-10081,Eco Paper B,Office Supplies,East,7,1906.1,578.49,0.3
ORD-100914,04/01/2024,Anthony Sanchez,CU-10210,Deluxe Labels B,Office Supplies,West,11,8154.85,2209.28,0
ORD-100915,06/13/2023,James Martinez,CU-10106,Wireless Machines C,Technology,East,5,1926.4,697.15,0.3
ORD-100916,04/02/2024,Michelle Wilson,CU-10111,Basic Art A,Office Supplies,Central,5,584.85,109.39,0
ORD-100917,05/25/2023,Donald Jones,CU-10199,Basic Art A,Office Supplies,East,10,1389.66,193.8,0.15
ORD-100918,05/05/2023,Andrew Anderson,CU-10124,Wireless Sofas C,Furniture,South,11,5159.33,645.95,0
ORD-100919,02/27/2024,James Martinez,CU-10106,Basic Chairs D,Furniture,East,8,4838.78,-252.04,0.2
ORD-100920,03/18/2024,Charles Davis,CU-10191,Basic Office Desks F,Furniture,West,9,5132.4,-372.18,0.1
ORD-100921,05/01/2023,Emily Sanchez,CU-10107,Basic Bookcases C,Furniture,South,6,51.96,0.82,0
ORD-100922,02/21/2023,Lisa Hernandez,CU-10140,Compact Storage C,Office Supplies,South,5,2605.32,175.6,0.2
ORD-100923,12/25/2024,Joshua Moore,CU-10022,Executive Laptops E,Technology,West,9,3812.38,-29.97,0.3
ORD-100924,03/27/2023,Robert Harris,CU-10045,Professional Copiers F,Technology,Central,7,3384.47,1158,0.2
ORD-100925,10/28/2024,Donald Williams,CU-10006,Eco Envelopes A,Office Supplies,East,11,3072.17,292.19,0.2
ORD-100926,02/07/2024,Anthony Jackson,CU-10000,Deluxe Chairs A,Furniture,West,12,807.72,-30.82,0
ORD-100927,10/18/2023,Donna Garcia,CU-10185,Deluxe Office Desks A,Furniture,Central,9,1005.84,-97.47,0
ORD-100928,03/03/2023,Joshua Anderson,CU-10049,Basic Labels C,Office Supplies,South,3,1481.78,128.73,0.3
ORD-100929,10/20/2024,Donald Martinez,CU-10102,Professional Bookcases A,Furniture,South,10,1900.62,249.87,0.1
ORD-100930,03/24/2024,Christopher Lee,CU-10060,Standard Machines E,Technology,West,3,2139.35,737.94,0.1
ORD-100931,05/16/2024,James Martinez,CU-10106,Professional Phones A,Technology,South,2,56,10.66,0.15
ORD-100932,03/13/2023,Linda Robinson,CU-10024,Compact Monitors F,Technology,South,5,2213.22,554.5,0.3
ORD-100933,10/18/2023,Lisa Johnson,CU-10007,Compact Storage B,Office Supplies,West,10,2977.2,417.37,0
ORD-100934,09/26/2023,Joshua Moore,CU-10022,Basic Labels C,Office Supplies,West,8,177.52,63.28,0.3
ORD-100935,07/24/2023,James Ramirez,CU-10075,Premium Bookcases E,Furniture,South,5,3947.05,-301.86,0
ORD-100936,09/12/2024,Daniel Hernandez,CU-10100,Wireless Sofas B,Furniture,East,7,4417.28,-608.97,0.2
ORD-100937,08/24/2023,Christopher Rodriguez,CU-10183,Premium Fasteners E,Office Supplies,South,1,255.56,30.43,0
ORD-100938,10/08/2023,Michelle Taylor,CU-10088,Premium Sofas D,Furniture,East,9,2334.99,-140.84,0.1
ORD-100939,05/31/2023,James Taylor,CU-10020,Deluxe Monitors B,Technology,South,12,283.28,63.91,0.1
ORD-100940,02/17/2024,Emily Anderson,CU-10070,Executive Machines D,Technology,Central,1,248.05,58.36,0.3
ORD-100941,03/13/2024,Ashley Martin,CU-10116,Wireless Supplies D,Office Supplies,South,12,8161.68,993.76,0
ORD-100942,11/30/2023,Sarah Davis,CU-10192,Deluxe Envelopes E,Office Supplies,West,5,4216.25,1030.3,0
ORD-100943,11/20/2024,Margaret Lee,CU-10169,Basic Envelopes B,Office Supplies,East,1,554.18,50.85,0.3
ORD-100944,04/09/2024,Sarah Davis,CU-10192,Basic Bookcases C,Furniture,East,8,1546.13,-150.75,0.1
ORD-100945,12/25/2024,Margaret Lee,CU-10169,Eco Phones E,Technology,South,10,633.78,209.15,0.1
ORD-100946,11/08/2024,Matthew Johnson,CU-10171,Compact Storage B,Office Supplies,East,4,3203.36,140.12,0
ORD-100947,06/24/2023,Donald Thompson,CU-10219,Standard Labels A,Office Supplies,Central,11,5260.09,1480.2,0
ORD-100948,12/29/2024,Anthony Brown,CU-10213,Standard Furnishings B,Furniture,South,7,2460.24,283.46,0.3
ORD-100949,11/06/2024,Lisa Johnson,CU-10007,Professional Tables E,Furniture,East,8,1127.28,-137.76,0
ORD-100950,10/29/2024,Anthony Garcia,CU-10146,Eco Envelopes A,Office Supplies,West,6,226.2,39.04,0
ORD-100951,09/08/2023,Kimberly Martinez,CU-10068,Executive Monitors A,Technology,Central,4,2617.96,642.37,0.1
ORD-100952,12/20/2024,Karen Gonzalez,CU-10055,Professional Supplies B,Office Supplies,East,5,3307.65,423.76,0
ORD-100953,09/17/2023,John Lopez,CU-10162,Ergonomic Phones C,Technology,Central,8,2546.67,338.75,0.15
ORD-100954,10/03/2023,Emily Taylor,CU-10215,Premium Copiers E,Technology,South,4,2726.8,515.69,0.15
ORD-100955,04/24/2023,Sarah White,CU-10193,Premium Fasteners E,Office Supplies,South,7,349.15,8.74,0.1
ORD-100956,03/11/2023,William Thomas,CU-10126,Premium Sofas D,Furniture,East,12,423.24,87.95,0
ORD-100957,01/27/2024,Jennifer Williams,CU-10113,Eco Envelopes F,Office Supplies,South,8,5201.64,1058.5,0.1
ORD-100958,01/24/2023,Lisa Clark,CU-10205,Standard Tables C,Furniture,West,9,4301.55,1066.14,0
ORD-100959,08/14/2023,Donald Taylor,CU-10009,Basic Chairs D,Furniture,Central,2,215.06,-21.96,0.1
ORD-100960,11/30/2024,Mark Smith,CU-10184,Compact Storage C,Office Supplies,South,5,1136.44,465.18,0.2
ORD-100961,01/27/2024,Thomas Rodriguez,CU-10170,Basic Labels C,Office Supplies,East,12,1022.98,338.63,0.2
ORD-100962,12/16/2023,Sandra Ramirez,CU-10134,Premium Sofas D,Furniture,Central,4,2987.32,244.74,0
ORD-100963,02/09/2023,Christopher Moore,CU-10109,Eco Chairs E,Furniture,East,1,686.8,-91.65,0
ORD-100964,05/10/2024,Andrew Lee,CU-10217,Executive Supplies A,Office Supplies,Central,10,1933.2,136.43,0
ORD-100965,07/14/2023,Anthony Anderson,CU-10066,Deluxe Monitors C,Technology,South,8,6187.12,1636.85,0
ORD-100966,12/06/2024,Steven White,CU-10153,Professional Labels F,Office Supplies,South,9,6580.84,846.25,0.15
ORD-100967,02/05/2024,Lisa Wilson,CU-10038,Basic Office Desks F,Furniture,West,3,1019.82,-102.9,0
ORD-100968,12/05/2023,Christopher Martin,CU-10076,Basic Bookcases C,Furniture,South,3,2315.22,-273.57,0
ORD-100969,06/23/2024,Thomas Perez,CU-10058,Eco Phones E,Technology,East,6,2318.34,215.24,0
ORD-100970,01/01/2023,Sandra Lopez,CU-10150,Wireless Monitors D,Technology,East,6,215.94,19.15,0
ORD-100971,09/26/2023,Linda Jackson,CU-10180,Executive Supplies E,Office Supplies,South,5,2099.61,871.32,0.3
ORD-100972,05/22/2023,Anthony Sanchez,CU-10046,Ergonomic Phones F,Technology,East,5,728,15.84,0
ORD-100973,11/12/2023,Linda Sanchez,CU-10077,Basic Storage D,Office Supplies,East,1,447.53,17.99,0.2
ORD-100974,03/14/2024,Steven Harris,CU-10041,Professional Sofas E,Furniture,Central,9,5033.25,304.95,0
ORD-100975,01/23/2024,Linda Sanchez,CU-10077,Compact Storage B,Office Supplies,Central,8,4361.36,1147.7,0
ORD-100976,05/22/2023,Donald Martinez,CU-10084,Deluxe Monitors C,Technology,West,12,9265.8,2982.6,0
ORD-100977,09/02/2023,Christopher Garcia,CU-10165,Ergonomic Phones F,Technology,Central,12,4493.52,116.05,0
ORD-100978,04/29/2024,David Ramirez,CU-10036,Ergonomic Accessories C,Technology,East,5,3469.11,-7.73,0.15
ORD-100979,07/10/2023,John Lopez,CU-10096,Professional Laptops D,Technology,West,5,1240.05,46.04,0.3
ORD-100980,12/15/2023,Betty Jones,CU-10187,Deluxe Sofas A,Furniture,East,5,2071.7,-10.02,0
ORD-100981,04/15/2024,Steven Harris,CU-10041,Executive Laptops C,Technology,Central,6,3578.94,1017.81,0
ORD-100982,02/11/2024,Joseph Martinez,CU-10051,Basic Storage D,Office Supplies,South,5,2513.03,295.05,0.1
ORD-100983,11/30/2023,James Robinson,CU-10130,Deluxe Tables A,Furniture,South,9,1303.74,-104.69,0
ORD-100984,07/14/2024,Thomas Rodriguez,CU-10170,Basic Paper E,Office Supplies,Central,8,2407.13,823.52,0.15
ORD-100985,05/17/2023,Andrew Thomas,CU-10047,Compact Storage C,Office Supplies,West,1,403.08,49.28,0.15
ORD-100986,03/01/2023,Michelle Taylor,CU-10088,Ergonomic Art E,Office Supplies,East,12,8576.88,2270.37,0
ORD-100987,02/05/2023,Charles Lee,CU-10202,Professional Copiers C,Technology,East,6,1688.31,620.07,0.1
ORD-100988,10/01/2024,James Perez,CU-10201,Standard Chairs C,Furniture,South,2,362.16,9.71,0.1
ORD-100989,01/31/2024,Karen Perez,CU-10057,Professional Phones A,Technology,West,11,8616.19,616.42,0
ORD-100990,08/03/2023,Charles Rodriguez,CU-10032,Deluxe Art D,Office Supplies,South,7,3584.49,1501.92,0
ORD-100991,03/29/2023,John Brown,CU-10097,Compact Furnishings C,Furniture,West,3,609.3,-38.33,0.15
ORD-100992,03/24/2023,Jessica Lopez,CU-10061,Basic Machines F,Technology,Central,10,5984.86,1329.95,0.3
ORD-100993,05/16/2023,Susan Lopez,CU-10012,Premium Chairs F,Furniture,South,6,2534.26,427.61,0.2
ORD-100994,05/18/2024,Margaret Brown,CU-10176,Wireless Supplies D,Office Supplies,East,10,3184.5,502.96,0
ORD-100995,03/01/2023,Mary Rodriguez,CU-10132,Premium Sofas D,Furniture,West,3,822.8,-100.34,0.3
ORD-100996,12/09/2024,Mary Williams,CU-10151,Standard Copiers A,Technology,West,7,55.44,1.58,0.2
ORD-100997,09/18/2023,Sandra Ramirez,CU-10134,Executive Supplies E,Office Supplies,West,11,6115.21,926.65,0.2
ORD-100998,08/15/2024,Matthew Martinez,CU-10125,Wireless Envelopes D,Office Supplies,South,1,218.83,46.59,0.3
ORD-100999,08/27/2023,Elizabeth Martinez,CU-10122,Compact Storage C,Office Supplies,South,4,75.11,3.71,0.15
ORD-101000,08/25/2023,Donald Jones,CU-10199,Standard Chairs C,Furniture,South,6,4562.82,652.21,0.15
ORD-101001,05/11/2023,Christopher Moore,CU-10109,Deluxe Art D,Office Supplies,West,2,512.18,214.96,0.2
ORD-101002,01/23/2024,Karen Clark,CU-10103,Premium Fasteners E,Office Supplies,East,11,5862.93,1191.56,0.3
ORD-101003,10/30/2023,Donna Jackson,CU-10052,Eco Phones E,Technology,East,8,3044.66,1146.05,0.1
ORD-101004,09/01/2024,Charles Garcia,CU-10147,Compact Storage B,Office Supplies,Central,4,1993.24,662.05,0
ORD-101005,01/13/2023,Andrew Sanchez,CU-10128,Premium Tables B,Furniture,Central,10,3301.8,395.13,0
ORD-101006,11/08/2024,Barbara Garcia,CU-10078,Deluxe Office Desks A,Furniture,South,2,651.64,149.01,0.3
ORD-101007,03/23/2023,Christopher Martin,CU-10076,Ergonomic Furnishings E,Furniture,Central,7,2110.36,39.6,0
ORD-101008,12/22/2023,Robert Ramirez,CU-10074,Premium Sofas F,Furniture,South,11,3080.35,31.33,0.2
ORD-101009,02/18/2024,Susan Lopez,CU-10012,Wireless Monitors D,Technology,East,7,1694.56,531.17,0
ORD-101010,04/09/2023,Thomas Perez,CU-10058,Professional Supplies B,Office Supplies,West,10,2944.62,888.63,0.3
ORD-101011,09/23/2024,Anthony Brown,CU-10213,Basic Accessories F,Technology,West,7,2563.96,443.53,0
ORD-101012,08/27/2024,Ashley Davis,CU-10108,Eco Art C,Office Supplies,East,3,792.78,59.31,0
ORD-101013,08/20/2024,Patricia Brown,CU-10208,Deluxe Monitors C,Technology,West,8,4365.12,174.14,0.2
ORD-101014,03/17/2024,Patricia Ramirez,CU-10034,Ergonomic Phones F,Technology,East,2,1172.42,196.06,0.3
ORD-101015,12/19/2024,Steven Thompson,CU-10079,Deluxe Office Desks A,Furniture,Central,8,639.3,45.68,0.2
ORD-101016,12/07/2024,Mary Jackson,CU-10010,Deluxe Fasteners C,Office Supplies,West,11,1366.11,116.84,0.2
ORD-101017,10/09/2023,John Moore,CU-10031,Premium Sofas F,Furniture,West,2,1706.5,245.41,0
ORD-101018,07/17/2024,Ashley Clark,CU-10027,Professional Supplies B,Office Supplies,Central,2,566.76,105.49,0
ORD-101019,12/29/2023,Donald Smith,CU-10148,Eco Envelopes A,Office Supplies,West,5,1696.9,106.67,0.3
ORD-101020,06/23/2023,Sarah Anderson,CU-10063,Premium Supplies F,Office Supplies,South,1,623.33,233.15,0
ORD-101021,04/11/2024,David Brown,CU-10086,Deluxe Bookcases D,Furniture,South,8,496.44,1.83,0.1
ORD-101022,01/27/2024,Michelle Clark,CU-10013,Ergonomic Phones B,Technology,West,1,475.34,30.56,0.2
ORD-101023,07/04/2023,Ashley Clark,CU-10196,Eco Envelopes F,Office Supplies,East,9,522.72,74.37,0
ORD-101024,08/09/2024,Anthony Brown,CU-10213,Standard Laptops B,Technology,East,1,451.96,85.9,0
ORD-101025,06/15/2024,Steven Robinson,CU-10186,Professional Tables E,Furniture,West,4,1310.88,-48.3,0
ORD-101026,10/13/2023,Steven Martinez,CU-10194,Executive Storage F,Office Supplies,East,2,457.62,132.86,0.2
ORD-101027,02/24/2023,Thomas Martin,CU-10085,Eco Office Desks D,Furniture,Central,11,6355.8,-555.86,0.1
ORD-101028,03/30/2024,Paul Lee,CU-10048,Basic Bookcases C,Furniture,West,12,5056.02,895.75,0.1
ORD-101029,09/23/2023,Steven White,CU-10153,Basic Envelopes C,Office Supplies,South,6,3142.02,407.62,0
ORD-101030,11/14/2024,David Brown,CU-10086,Premium Laptops F,Technology,South,4,582.12,86.76,0
ORD-101031,09/29/2023,John Miller,CU-10189,Wireless Machines C,Technology,West,1,592.74,179.58,0
ORD-101032,05/07/2023,Richard Williams,CU-10198,Professional Sofas E,Furniture,Central,4,1166.44,113.27,0
ORD-101033,06/12/2024,Lisa Williams,CU-10200,Premium Bookcases E,Furniture,Central,3,1079.94,250.94,0
ORD-101034,03/25/2023,Anthony Garcia,CU-10146,Basic Accessories F,Technology,East,6,2150.21,300.74,0.2
ORD-101035,05/27/2024,Sandra Rodriguez,CU-10021,Eco Envelopes F,Office Supplies,Central,2,1643.06,495.39,0
ORD-101036,03/27/2023,Lisa Wilson,CU-10038,Ergonomic Binders E,Office Supplies,Central,7,3819.35,931.73,0.3
ORD-101037,05/10/2024,Thomas Jackson,CU-10115,Compact Storage C,Office Supplies,East,12,6421.04,911.89,0.3
ORD-101038,08/19/2024,Richard Anderson,CU-10204,Wireless Sofas B,Furniture,West,12,5009.68,168.18,0.3
ORD-101039,02/09/2023,Margaret Thomas,CU-10203,Wireless Monitors D,Technology,South,9,6115.82,1250.27,0.1
ORD-101040,07/09/2024,Nancy Smith,CU-10002,Deluxe Office Desks A,Furniture,Central,11,4790.39,-465.39,0
ORD-101041,01/13/2024,Paul Hernandez,CU-10127,Premium Fasteners A,Office Supplies,West,7,6144.11,868.85,0
ORD-101042,05/01/2023,Robert Lewis,CU-10177,Deluxe Envelopes E,Office Supplies,East,3,559.08,26.45,0
ORD-101043,06/06/2024,Barbara White,CU-10054,Executive Copiers B,Technology,East,1,251.39,15.87,0
ORD-101044,11/16/2023,Karen Gonzalez,CU-10055,Premium Fasteners A,Office Supplies,South,12,7294.94,1073.49,0.15
ORD-101045,06/09/2023,Mary Rodriguez,CU-10132,Standard Machines E,Technology,Central,6,3628.18,1180.79,0.2
ORD-101046,10/27/2024,Margaret Brown,CU-10176,Deluxe Monitors C,Technology,Central,10,7235,2340.59,0
ORD-101047,01/13/2024,Christopher Garcia,CU-10165,Professional Tables E,Furniture,West,8,6908.24,1316.31,0
ORD-101048,02/24/2023,Betty Brown,CU-10071,Deluxe Sofas A,Furniture,West,3,203.4,-16.21,0.2
ORD-101049,04/27/2024,Christopher Rodriguez,CU-10183,Ergonomic Art E,Office Supplies,East,10,1687.44,165.01,0.2
ORD-101050,04/28/2023,Richard Anderson,CU-10204,Standard Tables C,Furniture,South,6,743.58,84.25,0
ORD-101051,07/10/2024,Lisa Johnson,CU-10007,Deluxe Monitors B,Technology,South,5,712.85,97.87,0.1
ORD-101052,05/24/2024,Karen Gonzalez,CU-10055,Standard Storage A,Office Supplies,Central,6,1042.18,139.2,0.2
ORD-101053,10/25/2024,Elizabeth Martinez,CU-10122,Deluxe Chairs A,Furniture,West,5,1651.45,251.67,0
ORD-101054,05/21/2024,Karen Perez,CU-10057,Executive Laptops C,Technology,Central,2,686.94,50.75,0.3
ORD-101055,07/16/2024,Mary Jackson,CU-10010,Standard Binders B,Office Supplies,West,3,1478.88,556.66,0
ORD-101056,05/23/2024,Steven Clark,CU-10016,Professional Sofas E,Furniture,Central,5,1280.48,10.29,0.15
ORD-101057,07/28/2023,Mark Moore,CU-10019,Premium Tables B,Furniture,West,2,1271.98,174.52,0
ORD-101058,09/10/2024,Andrew Thomas,CU-10047,Basic Envelopes B,Office Supplies,East,10,2185.84,320.53,0.2
ORD-101059,07/22/2023,Paul Miller,CU-10105,Ergonomic Phones C,Technology,Central,10,7081.9,2009.58,0
ORD-101060,11/23/2023,Sarah Davis,CU-10192,Professional Labels F,Office Supplies,East,6,754.74,66.81,0
ORD-101061,06/01/2024,Donna Jackson,CU-10052,Premium Laptops F,Technology,South,8,3350.93,673.12,0.3
ORD-101062,01/21/2023,John Clark,CU-10120,Professional Tables E,Furniture,East,1,678.27,-32.03,0.1
ORD-101063,03/27/2023,Jessica Martin,CU-10040,Ergonomic Copiers D,Technology,South,10,6832.56,-42.18,0.2
ORD-101064,12/30/2024,Richard Brown,CU-10155,Executive Supplies A,Office Supplies,East,9,5258.84,269.56,0.1
ORD-101065,05/02/2024,James Martinez,CU-10106,Ergonomic Furnishings E,Furniture,Central,1,602.48,-6.32,0.2
ORD-101066,08/22/2023,Sandra Thomas,CU-10042,Ergonomic Accessories E,Technology,Central,11,4937.23,1720.05,0.1
ORD-101067,05/29/2024,James White,CU-10179,Executive Supplies E,Office Supplies,East,2,1006.31,51.78,0.3
ORD-101068,10/08/2024,Kimberly Miller,CU-10083,Basic Labels C,Office Supplies,South,6,1751.7,228.97,0.15
ORD-101069,08/03/2024,Robert Lewis,CU-10177,Deluxe Monitors B,Technology,West,2,854.8,9.78,0.1
ORD-101070,10/07/2024,John Lopez,CU-10162,Ergonomic Phones C,Technology,South,1,135.11,9.36,0
ORD-101071,10/10/2024,Richard Lewis,CU-10043,Professional Supplies B,Office Supplies,South,10,3017.76,521.62,0.2
ORD-101072,07/20/2023,Sandra Martinez,CU-10004,Deluxe Monitors B,Technology,South,10,260.8,65.56,0
ORD-101073,02/24/2024,Anthony Johnson,CU-10093,Deluxe Bookcases D,Furniture,South,8,1191.94,-65.16,0.2
ORD-101074,12/10/2023,Linda Smith,CU-10139,Premium Accessories D,Technology,South,11,6557.54,856.51,0
ORD-101075,03/09/2023,Sandra Martinez,CU-10004,Standard Laptops B,Technology,East,4,1820.2,527.48,0.3
ORD-101076,12/30/2023,Ashley Clark,CU-10027,Executive Supplies E,Office Supplies,East,3,1142.58,359.83,0
ORD-101077,02/13/2024,Steven Martinez,CU-10050,Ergonomic Machines A,Technology,Central,10,6703.6,2073.63,0
ORD-101078,07/31/2024,Anthony Sanchez,CU-10210,Wireless Monitors D,Technology,West,5,4096.95,-37.29,0
ORD-101079,01/09/2023,Charles Davis,CU-10191,Ergonomic Binders E,Office Supplies,South,5,3644.72,984.52,0.15
ORD-101080,06/06/2023,Robert Lewis,CU-10177,Compact Fasteners D,Office Supplies,South,8,7186.48,563.29,0
ORD-101081,12/28/2024,Emily Gonzalez,CU-10214,Premium Binders A,Office Supplies,Central,2,439.5,77.04,0
ORD-101082,09/16/2023,Jennifer Lee,CU-10065,Deluxe Tables A,Furniture,West,9,140.87,-6.05,0.3
ORD-101083,08/15/2023,Donald Taylor,CU-10212,Basic Fasteners F,Office Supplies,Central,8,1792.88,720.49,0
ORD-101084,08/03/2023,James Perez,CU-10201,Standard Furnishings B,Furniture,East,12,5649.47,-347.06,0.15
ORD-101085,10/23/2023,Mary Martin,CU-10190,Standard Chairs C,Furniture,South,9,4472.06,517.13,0.3
ORD-101086,12/27/2023,Paul Miller,CU-10105,Wireless Sofas C,Furniture,East,2,1782.9,-194.65,0
ORD-101087,10/06/2024,Linda Johnson,CU-10211,Professional Supplies B,Office Supplies,East,4,2287.74,286.03,0.3
ORD-101088,11/14/2024,Thomas Martin,CU-10085,Deluxe Office Desks A,Furniture,East,2,1039.04,223.73,0.2
ORD-101089,05/03/2023,Betty Jones,CU-10187,Basic Labels C,Office Supplies,South,11,8593.64,2594.34,0
ORD-101090,02/21/2024,David Brown,CU-10086,Ergonomic Accessories C,Technology,South,3,1323.48,114.09,0.15
ORD-101091,12/02/2024,Matthew Johnson,CU-10171,Wireless Binders F,Office Supplies,West,11,4299.46,1768.14,0
ORD-101092,09/28/2023,Susan Johnson,CU-10157,Professional Copiers F,Technology,East,9,5064.93,897.28,0
ORD-101093,10/17/2024,Steven Thompson,CU-10079,Standard Machines E,Technology,Central,11,234.52,74.54,0
ORD-101094,11/24/2024,Donald Martinez,CU-10102,Ergonomic Storage E,Office Supplies,East,10,4145.54,850.61,0.3
ORD-101095,11/09/2023,Sarah Anderson,CU-10063,Standard Copiers A,Technology,East,10,6104.16,1207.49,0.2
ORD-101096,12/02/2023,Andrew Miller,CU-10174,Eco Fasteners B,Office Supplies,West,8,5723.12,530.15,0
ORD-101097,08/21/2023,James Hernandez,CU-10053,Premium Laptops F,Technology,East,5,3041.94,956.32,0.15
ORD-101098,11/18/2023,Linda Jackson,CU-10180,Ergonomic Accessories E,Technology,West,1,129.93,48.05,0.3
ORD-101099,12/07/2023,Sandra Robinson,CU-10030,Standard Labels A,Office Supplies,South,8,4954.08,273.86,0
ORD-101100,04/05/2024,Ashley Rodriguez,CU-10137,Ergonomic Phones F,Technology,South,5,1547.05,180.98,0
ORD-101101,12/29/2023,Betty Hernandez,CU-10005,Basic Paper E,Office Supplies,East,3,2539.41,249.37,0
ORD-101102,10/17/2023,Emily Taylor,CU-10121,Deluxe Bookcases D,Furniture,West,10,7578.3,1772.26,0
ORD-101103,08/12/2024,Paul Hernandez,CU-10127,Wireless Paper A,Office Supplies,South,12,875.28,214.78,0
ORD-101104,03/23/2024,Matthew Johnson,CU-10171,Executive Supplies E,Office Supplies,Central,1,482.96,134.25,0
ORD-101105,02/10/2023,Donald Smith,CU-10148,Compact Binders D,Office Supplies,South,4,333.16,19.91,0
ORD-101106,07/10/2024,Joseph White,CU-10018,Professional Sofas E,Furniture,West,12,3725.04,-520.4,0
ORD-101107,02/06/2023,Robert Ramirez,CU-10074,Compact Supplies C,Office Supplies,South,8,3878.56,1613.05,0
ORD-101108,07/04/2024,Betty Sanchez,CU-10026,Ergonomic Phones C,Technology,East,8,2403.5,36.73,0.1
ORD-101109,06/10/2023,Michelle Smith,CU-10160,Eco Paper B,Office Supplies,East,8,6532.64,538.41,0
ORD-101110,02/03/2023,Christopher Jones,CU-10081,Wireless Monitors D,Technology,East,12,3866.78,106.53,0.2
ORD-101111,02/12/2023,Barbara Garcia,CU-10078,Executive Monitors A,Technology,East,11,2232.69,182.13,0.15
ORD-101112,04/17/2024,John Lopez,CU-10162,Eco Fasteners B,Office Supplies,West,5,2307.41,843.57,0.3
ORD-101113,12/23/2024,Michelle Clark,CU-10013,Compact Storage B,Office Supplies,East,7,3285.73,1260.02,0
ORD-101114,10/27/2023,Daniel Hernandez,CU-10100,Deluxe Monitors C,Technology,South,10,6114.6,-58.08,0
ORD-101115,09/13/2023,Betty Robinson,CU-10092,Basic Art A,Office Supplies,South,6,4328.06,1467.2,0.15
ORD-101116,01/21/2023,William Thomas,CU-10126,Premium Chairs F,Furniture,Central,7,2828.28,-175.33,0
ORD-101117,03/23/2024,Sarah Taylor,CU-10167,Basic Paper D,Office Supplies,West,5,1810.12,58.27,0.15
ORD-101118,05/24/2023,Steven Thompson,CU-10079,Standard Accessories B,Technology,East,9,1769.31,546.99,0
ORD-101119,11/09/2023,James Taylor,CU-10114,Ergonomic Phones C,Technology,South,7,5267.36,1369.22,0
ORD-101120,06/24/2023,Sarah Davis,CU-10192,Compact Fasteners D,Office Supplies,Central,3,843.57,169.33,0
ORD-101121,03/23/2024,Matthew Johnson,CU-10171,Executive Office Desks B,Furniture,Central,6,3194.98,-148.62,0.3
ORD-101122,12/17/2023,Anthony Johnson,CU-10093,Basic Art A,Office Supplies,East,9,1256.85,236.13,0
ORD-101123,12/17/2023,James Robinson,CU-10130,Standard Accessories B,Technology,South,7,3993.13,843.36,0.1
ORD-101124,01/06/2024,Sandra Ramirez,CU-10017,Wireless Paper A,Office Supplies,Central,10,3716,418.17,0.2
ORD-101125,04/01/2023,Steven Martinez,CU-10050,Basic Labels C,Office Supplies,East,4,2761.8,1085.69,0
ORD-101126,01/18/2023,Kimberly Martinez,CU-10068,Professional Copiers C,Technology,South,2,1080.74,-0.57,0.1
ORD-101127,05/23/2024,Betty Robinson,CU-10092,Deluxe Furnishings A,Furniture,West,2,462.7,69.62,0
ORD-101128,06/21/2024,Mary Rodriguez,CU-10132,Standard Furnishings B,Furniture,East,2,1065.28,-33.01,0
ORD-101129,09/16/2023,Linda Johnson,CU-10211,Professional Sofas E,Furniture,West,1,148.74,0.14,0.2
ORD-101130,06/19/2024,Andrew Thomas,CU-10047,Executive Supplies E,Office Supplies,South,11,400.55,166.16,0.1
ORD-101131,08/27/2023,Charles Smith,CU-10112,Premium Copiers E,Technology,South,10,5231.3,-68.74,0
ORD-101132,01/23/2024,Betty Brown,CU-10071,Professional Bookcases A,Furniture,West,2,938.22,-71.51,0
ORD-101133,09/01/2024,Joshua Moore,CU-10022,Basic Bookcases C,Furniture,South,4,822.04,-96.71,0
ORD-101134,12/08/2023,Donald Martinez,CU-10084,Deluxe Chairs A,Furniture,West,2,297.34,45.67,0
ORD-101135,04/07/2023,James Taylor,CU-10114,Deluxe Furnishings A,Furniture,South,5,2306.68,175.9,0.2
ORD-101136,01/28/2023,Steven Lewis,CU-10015,Executive Paper C,Office Supplies,West,6,3577.45,573.06,0.15
ORD-101137,07/12/2024,Susan Thompson,CU-10145,Ergonomic Machines A,Technology,South,1,568.35,67.49,0.1
ORD-101138,09/21/2024,Karen Perez,CU-10057,Premium Sofas D,Furniture,South,1,712.49,-100.69,0
ORD-101139,02/27/2024,Christopher Jones,CU-10081,Premium Sofas D,Furniture,Central,10,2967.65,-174.82,0.3
ORD-101140,11/08/2023,Robert Ramirez,CU-10074,Basic Laptops A,Technology,West,3,1043.33,342.34,0.2
ORD-101141,02/09/2023,Betty Hernandez,CU-10005,Premium Bookcases E,Furniture,West,2,603.78,57.53,0
ORD-101142,10/23/2023,Robert Lewis,CU-10177,Wireless Binders F,Office Supplies,Central,2,74.13,9.36,0.2
ORD-101143,11/20/2023,Joshua Moore,CU-10022,Professional Phones A,Technology,East,1,378.35,71.15,0
ORD-101144,02/11/2024,Sarah Davis,CU-10192,Wireless Sofas B,Furniture,West,11,2635.6,589.84,0.2
ORD-101145,12/13/2024,Daniel Taylor,CU-10044,Deluxe Furnishings A,Furniture,South,1,24.83,-0.37,0.15
ORD-101146,12/15/2024,Nancy Martin,CU-10216,Basic Storage D,Office Supplies,East,7,3994.39,438.34,0.1
ORD-101147,09/22/2023,Charles Davis,CU-10191,Wireless Envelopes D,Office Supplies,East,10,3169.53,794.91,0.1
ORD-101148,04/22/2023,Robert Ramirez,CU-10074,Executive Paper C,Office Supplies,West,11,2458.02,948.4,0.2
ORD-101149,04/26/2023,Steven Martinez,CU-10050,Basic Laptops A,Technology,Central,10,6444.9,2006.17,0
ORD-101150,03/14/2023,Linda Jackson,CU-10180,Ergonomic Copiers D,Technology,South,7,949.13,-17.41,0
ORD-101151,07/06/2024,Sarah Anderson,CU-10063,Professional Paper F,Office Supplies,South,9,5580.27,1152.65,0
ORD-101152,03/01/2023,Betty Sanchez,CU-10026,Compact Furnishings C,Furniture,West,3,2383.23,424.41,0
ORD-101153,01/20/2023,Charles Rodriguez,CU-10032,Executive Bookcases F,Furniture,Central,8,3337.36,-153.46,0
ORD-101154,08/26/2023,Mary Williams,CU-10151,Deluxe Labels B,Office Supplies,Central,1,839.91,344.23,0
ORD-101155,08/29/2024,Joshua Jackson,CU-10168,Deluxe Fasteners C,Office Supplies,South,9,7880.31,558.5,0
ORD-101156,02/02/2024,Charles Smith,CU-10112,Deluxe Bookcases D,Furniture,South,10,3033.1,-115.64,0
ORD-101157,11/11/2023,Christopher Garcia,CU-10165,Premium Accessories D,Technology,Central,9,1383.12,44.13,0.15
ORD-101158,04/15/2023,Matthew Lee,CU-10072,Deluxe Art D,Office Supplies,West,1,206.9,75.14,0.15
ORD-101159,07/09/2023,Sandra Rodriguez,CU-10021,Ergonomic Accessories E,Technology,South,12,6323.64,421.18,0
ORD-101160,07/20/2024,Richard Anderson,CU-10204,Ergonomic Phones F,Technology,South,7,2204.18,272.81,0.15
ORD-101161,01/13/2023,David Ramirez,CU-10036,Deluxe Art D,Office Supplies,West,4,1550.92,298.72,0
ORD-101162,06/21/2024,James Taylor,CU-10020,Deluxe Art D,Office Supplies,South,6,3073.98,696.65,0
ORD-101163,01/30/2023,Emily Taylor,CU-10215,Premium Copiers E,Technology,East,8,969.68,255.52,0
ORD-101164,04/04/2023,Robert Clark,CU-10123,Eco Fasteners B,Office Supplies,West,1,764.07,115.06,0.1
ORD-101165,09/03/2024,Linda Jackson,CU-10180,Ergonomic Art E,Office Supplies,West,12,9421.92,3042.12,0
ORD-101166,03/24/2023,Andrew Moore,CU-10117,Compact Fasteners D,Office Supplies,South,9,3447.01,1056.71,0.15
ORD-101167,12/28/2023,Andrew Anderson,CU-10124,Basic Office Desks E,Furniture,West,10,3106.5,-205.54,0.15
ORD-101168,03/30/2023,Steven Clark,CU-10016,Professional Tables D,Furniture,South,10,4074.3,-43.33,0.1
ORD-101169,12/08/2023,Anthony Sanchez,CU-10046,Ergonomic Furnishings E,Furniture,West,11,4356.53,-558.49,0.2
ORD-101170,05/07/2023,Christopher Jones,CU-10081,Compact Monitors F,Technology,South,11,2129.51,514.06,0.3
ORD-101171,12/19/2024,Ashley Martin,CU-10116,Standard Furnishings F,Furniture,Central,6,1870.27,303.46,0.15
ORD-101172,08/01/2023,Betty Jones,CU-10187,Eco Envelopes A,Office Supplies,South,2,234.77,95.76,0.2
ORD-101173,02/16/2023,Joseph Davis,CU-10003,Premium Copiers E,Technology,East,11,8138.35,1954.97,0
ORD-101174,06/23/2023,Anthony Anderson,CU-10066,Executive Storage F,Office Supplies,Central,10,6069.44,836.96,0.2
ORD-101175,05/14/2023,Lisa Wilson,CU-10038,Ergonomic Phones C,Technology,South,8,2973.23,358.75,0.15
ORD-101176,12/07/2023,Barbara Garcia,CU-10078,Basic Envelopes C,Office Supplies,East,9,2029.59,667.78,0
ORD-101177,08/24/2024,Anthony Sanchez,CU-10046,Compact Supplies C,Office Supplies,East,9,3884.98,873.99,0.15
ORD-101178,02/14/2024,Linda Lewis,CU-10141,Eco Phones E,Technology,South,10,1486.2,359.04,0
ORD-101179,08/16/2023,Charles Davis,CU-10191,Basic Envelopes C,Office Supplies,East,7,263.83,70.89,0
ORD-101180,08/17/2023,James Taylor,CU-10020,Deluxe Monitors C,Technology,East,7,5557.65,1611.84,0
ORD-101181,12/14/2024,Sandra Martinez,CU-10004,Deluxe Art D,Office Supplies,East,8,6557.44,1981.24,0
ORD-101182,01/02/2024,Donald Williams,CU-10006,Executive Copiers B,Technology,South,4,1559,63.64,0.15
ORD-101183,02/10/2024,Charles Lewis,CU-10062,Executive Laptops C,Technology,West,7,2573.49,47.58,0.15
ORD-101184,08/18/2024,Michael Davis,CU-10175,Ergonomic Accessories E,Technology,Central,9,6093.72,318.72,0
ORD-101185,04/24/2024,Patricia Hernandez,CU-10143,Compact Bookcases B,Furniture,Central,4,448.08,-31.09,0
ORD-101186,10/12/2023,Patricia Brown,CU-10208,Professional Art B,Office Supplies,South,4,2678.33,293.89,0.1
ORD-101187,09/22/2023,Steven Robinson,CU-10186,Professional Copiers C,Technology,Central,10,1541.9,387.08,0
ORD-101188,08/07/2024,Sarah White,CU-10193,Basic Labels C,Office Supplies,South,2,975.72,325.49,0.15
ORD-101189,12/05/2023,Ashley Harris,CU-10152,Deluxe Art D,Office Supplies,South,4,154.78,64.1,0.3
ORD-101190,10/08/2023,Jessica Lopez,CU-10061,Basic Chairs D,Furniture,West,7,601.44,67.55,0
ORD-101191,07/14/2024,James White,CU-10179,Deluxe Bookcases D,Furniture,West,5,811.8,-7.83,0.1
ORD-101192,01/31/2024,Patricia Hernandez,CU-10143,Wireless Phones D,Technology,West,10,6607.47,593.57,0.15
ORD-101193,06/19/2024,Sarah Jackson,CU-10033,Basic Accessories F,Technology,Central,11,6384.4,1372.57,0
ORD-101194,02/03/2024,Jennifer Williams,CU-10113,Professional Art B,Office Supplies,West,4,1224.35,447.56,0.2
ORD-101195,04/06/2023,Jennifer Williams,CU-10113,Eco Office Desks D,Furniture,East,9,5703.61,724.21,0.15
ORD-101196,11/03/2024,Kimberly Miller,CU-10142,Ergonomic Machines A,Technology,South,8,5242,13,0
ORD-101197,10/12/2024,Betty Jones,CU-10187,Ergonomic Machines A,Technology,Central,6,240.74,27.51,0.3
ORD-101198,07/03/2024,James Taylor,CU-10114,Eco Envelopes F,Office Supplies,East,9,4525.05,1314.66,0.15
ORD-101199,08/11/2024,Richard Anderson,CU-10204,Basic Art A,Office Supplies,West,5,484.12,161.43,0.15
ORD-101200,05/23/2024,Mary Rodriguez,CU-10132,Eco Paper B,Office Supplies,East,9,5775.57,1641.82,0
ORD-101201,07/05/2024,Patricia Davis,CU-10101,Wireless Art F,Office Supplies,East,3,330.08,75.96,0.3
ORD-101202,07/24/2024,Robert Ramirez,CU-10074,Basic Envelopes B,Office Supplies,South,12,9863.16,1930.79,0
ORD-101203,06/21/2024,Barbara Gonzalez,CU-10064,Deluxe Office Desks A,Furniture,East,12,3825.71,519.38,0.15
ORD-101204,04/05/2023,Richard Lewis,CU-10043,Eco Office Desks D,Furniture,West,10,1215.9,248.2,0.1
ORD-101205,06/26/2023,Jennifer Williams,CU-10113,Deluxe Office Desks A,Furniture,East,10,7415.65,-14.07,0.15
ORD-101206,12/15/2024,Christopher Jones,CU-10029,Executive Laptops E,Technology,South,5,3866.94,692.56,0.1
ORD-101207,03/31/2023,Jennifer Harris,CU-10161,Eco Art C,Office Supplies,South,5,419.58,162.69,0.1
ORD-101208,03/13/2023,Emily Sanchez,CU-10107,Wireless Monitors D,Technology,West,2,1425.28,481.29,0.15
ORD-101209,07/18/2024,Christopher Garcia,CU-10165,Ergonomic Phones B,Technology,Central,5,2859.95,-33.32,0
ORD-101210,04/01/2023,James Ramirez,CU-10075,Wireless Machines C,Technology,West,4,1535.74,268.7,0.2
ORD-101211,06/24/2024,Mark Smith,CU-10184,Eco Fasteners B,Office Supplies,Central,8,2897.35,504.11,0.1
ORD-101212,01/25/2023,Andrew Sanchez,CU-10128,Wireless Supplies D,Office Supplies,East,2,879.51,199.01,0.3
ORD-101213,06/30/2024,Anthony Sanchez,CU-10046,Eco Fasteners B,Office Supplies,West,6,929.34,34.89,0
ORD-101214,05/23/2023,Charles Garcia,CU-10147,Standard Furnishings F,Furniture,West,3,1798.31,-45.83,0.1
ORD-101215,12/13/2023,Lisa Wilson,CU-10038,Professional Tables D,Furniture,West,10,7390.35,469.78,0.1
ORD-101216,10/08/2024,Charles Lee,CU-10202,Deluxe Office Desks C,Furniture,West,11,2802.45,216.23,0.2
ORD-101217,04/26/2024,Emily Taylor,CU-10121,Standard Chairs C,Furniture,South,6,3007.44,461.4,0.2
ORD-101218,07/18/2023,Linda Lewis,CU-10141,Premium Fasteners E,Office Supplies,Central,12,7715.9,1044.59,0.2
ORD-101219,11/10/2023,Sandra Ramirez,CU-10087,Deluxe Art D,Office Supplies,West,10,3747.38,1256.67,0.3
ORD-101220,10/24/2024,Thomas Miller,CU-10035,Wireless Binders F,Office Supplies,West,1,803.01,200.95,0
ORD-101221,10/13/2024,James Ramirez,CU-10075,Executive Monitors E,Technology,East,1,425.82,58.56,0.2
ORD-101222,02/03/2023,Karen Thomas,CU-10144,Ergonomic Binders E,Office Supplies,East,3,239.06,71.84,0.2
ORD-101223,12/24/2023,Margaret Thomas,CU-10203,Basic Paper D,Office Supplies,East,1,471.91,126.85,0
ORD-101224,04/04/2023,Donald Martinez,CU-10104,Professional Labels F,Office Supplies,South,11,2639.01,617.91,0
ORD-101225,06/30/2024,Joshua Jackson,CU-10168,Premium Copiers E,Technology,Central,4,2106.48,788.48,0
ORD-101226,03/16/2024,Christopher Jones,CU-10081,Ergonomic Accessories C,Technology,East,11,2615.01,174.88,0.2
ORD-101227,01/29/2023,Michael Harris,CU-10172,Eco Fasteners B,Office Supplies,Central,7,4656.46,194.87,0.1
ORD-101228,09/19/2023,Margaret Thomas,CU-10203,Deluxe Chairs A,Furniture,South,1,378.03,46.52,0
ORD-101229,02/16/2023,Barbara White,CU-10054,Eco Envelopes A,Office Supplies,East,5,288.2,83.97,0
ORD-101230,10/17/2024,Michelle Ramirez,CU-10028,Deluxe Labels E,Office Supplies,South,7,1790.06,485.52,0.15
ORD-101231,10/22/2024,Mark Moore,CU-10019,Ergonomic Machines A,Technology,East,2,934.14,188.97,0
ORD-101232,05/19/2023,Patricia Brown,CU-10208,Premium Accessories D,Technology,South,1,498,82.9,0.1
ORD-101233,06/15/2024,Jessica Lopez,CU-10061,Compact Fasteners D,Office Supplies,Central,6,2691.98,656.77,0.15
ORD-101234,01/31/2024,Richard Lewis,CU-10043,Executive Paper C,Office Supplies,West,7,1777.27,671.24,0.2
ORD-101235,06/09/2023,Sandra Robinson,CU-10030,Executive Monitors A,Technology,South,9,668.3,38.95,0.2
ORD-101236,01/08/2023,Paul Gonzalez,CU-10133,Eco Envelopes F,Office Supplies,East,9,759.65,71.41,0.3
ORD-101237,01/28/2024,John Miller,CU-10189,Eco Phones E,Technology,Central,11,3685.11,-59.14,0
ORD-101238,03/02/2023,Patricia Brown,CU-10208,Premium Accessories D,Technology,Central,9,4702.45,753.1,0.1
ORD-101239,01/10/2024,Christopher Clark,CU-10099,Premium Fasteners A,Office Supplies,East,11,6598.65,1285.47,0.1
ORD-101240,01/02/2023,Richard Brown,CU-10155,Deluxe Chairs A,Furniture,East,6,1572.69,-129.71,0.15
ORD-101241,03/19/2023,James Perez,CU-10201,Basic Labels C,Office Supplies,East,5,663.17,63.15,0.15
ORD-101242,11/17/2024,John Wilson,CU-10073,Wireless Machines C,Technology,Central,9,1317.42,34.27,0
ORD-101243,01/04/2024,Michelle Wilson,CU-10111,Premium Laptops F,Technology,West,9,5525.28,610.38,0
ORD-101244,07/30/2024,Sandra Martinez,CU-10004,Wireless Sofas C,Furniture,West,1,773.33,-34.23,0
ORD-101245,07/04/2023,Paul Thomas,CU-10090,Ergonomic Phones B,Technology,West,6,2671,638.95,0.1
ORD-101246,06/09/2024,Susan Johnson,CU-10157,Compact Monitors F,Technology,South,5,2705.95,343.73,0.3
ORD-101247,09/22/2024,Anthony Anderson,CU-10066,Basic Office Desks E,Furniture,East,11,2219.8,349.96,0.2
ORD-101248,01/06/2023,Thomas Miller,CU-10035,Basic Paper E,Office Supplies,Central,2,1200.64,473.96,0.3
ORD-101249,07/19/2024,Donald Jones,CU-10199,Premium Chairs F,Furniture,West,6,3983.64,947.67,0
ORD-101250,10/24/2024,Sarah Taylor,CU-10167,Standard Tables C,Furniture,West,1,159.1,5.56,0.1
ORD-101251,08/27/2023,Jessica Martin,CU-10040,Compact Monitors F,Technology,West,5,3243.91,103.76,0.1
ORD-101252,08/25/2024,Kimberly Miller,CU-10142,Deluxe Tables A,Furniture,East,11,3784.11,474.28,0
ORD-101253,02/15/2023,John Moore,CU-10031,Professional Tables E,Furniture,South,5,392.24,33.54,0.2
ORD-101254,07/12/2024,Lisa Wilson,CU-10038,Professional Tables E,Furniture,Central,11,5516.94,116.44,0
ORD-101255,12/15/2023,Anthony Brown,CU-10025,Professional Supplies B,Office Supplies,Central,1,604.34,204.28,0.1
ORD-101256,03/25/2024,Andrew Thomas,CU-10047,Eco Fasteners B,Office Supplies,East,8,708.29,41.02,0.3
ORD-101257,05/26/2024,Linda Jackson,CU-10180,Standard Tables C,Furniture,East,11,2488.97,248.13,0
ORD-101258,09/02/2024,Linda Sanchez,CU-10077,Ergonomic Phones F,Technology,East,6,1242.81,115.69,0.1
ORD-101259,08/08/2023,Joshua Moore,CU-10022,Ergonomic Phones C,Technology,Central,4,2224.01,549.66,0.15
ORD-101260,12/13/2024,Steven Martinez,CU-10194,Wireless Machines C,Technology,Central,6,735.6,226.37,0.2
ORD-101261,08/06/2024,Sandra Martinez,CU-10004,Basic Machines F,Technology,South,1,522.07,143.24,0.3
ORD-101262,06/16/2023,Anthony Sanchez,CU-10046,Premium Copiers E,Technology,South,3,1935.66,233.73,0
ORD-101263,01/05/2024,Karen Gonzalez,CU-10055,Basic Bookcases C,Furniture,East,7,4391.04,186.61,0.15
ORD-101264,10/26/2023,Andrew Moore,CU-10001,Ergonomic Phones F,Technology,West,2,1004.63,43.79,0.3
ORD-101265,01/10/2024,David Gonzalez,CU-10159,Wireless Machines B,Technology,West,5,2776,710.09,0
ORD-101266,08/01/2023,Paul Gonzalez,CU-10133,Standard Machines E,Technology,South,9,4170.33,881.17,0
ORD-101267,09/09/2024,Michelle Smith,CU-10160,Deluxe Labels B,Office Supplies,East,8,1941.62,296.64,0.1
ORD-101268,04/27/2024,Patricia Davis,CU-10101,Basic Paper E,Office Supplies,West,6,3178.35,174.66,0.3
ORD-101269,06/09/2023,Mark Ramirez,CU-10098,Executive Supplies A,Office Supplies,East,4,2963.27,196.89,0.1
ORD-101270,06/22/2024,Nancy Martin,CU-10216,Standard Furnishings F,Furniture,South,11,6440.83,-670.6,0
ORD-101271,02/04/2023,Kimberly Rodriguez,CU-10136,Executive Storage F,Office Supplies,Central,3,1579.31,377.3,0.1
ORD-101272,12/18/2024,Michelle Ramirez,CU-10028,Basic Envelopes B,Office Supplies,Central,11,7110.21,1509.11,0.15
ORD-101273,09/27/2023,Robert Clark,CU-10123,Standard Binders B,Office Supplies,West,12,5369.86,192.4,0.2
ORD-101274,04/18/2023,Linda Lopez,CU-10164,Deluxe Envelopes E,Office Supplies,East,3,2052.42,731.04,0
ORD-101275,04/29/2024,Mark Moore,CU-10019,Deluxe Labels E,Office Supplies,South,10,7558.74,1198.4,0.1
ORD-101276,04/22/2024,Margaret Thomas,CU-10203,Standard Machines E,Technology,East,5,1362.45,340.13,0
ORD-101277,03/30/2023,Steven Martinez,CU-10050,Executive Monitors E,Technology,South,3,450.17,146.36,0.1
ORD-101278,07/22/2024,Charles Lee,CU-10202,Executive Monitors A,Technology,Central,4,419.08,52.01,0
ORD-101279,10/04/2023,James Perez,CU-10201,Ergonomic Accessories C,Technology,West,3,785.66,39.51,0.15
ORD-101280,02/10/2024,Sandra Ramirez,CU-10017,Professional Bookcases A,Furniture,Central,5,3431.97,795.19,0.1
ORD-101281,03/25/2023,James White,CU-10179,Deluxe Bookcases D,Furniture,South,6,4109.78,-412.5,0.1
ORD-101282,06/05/2023,Michelle Wilson,CU-10111,Basic Envelopes B,Office Supplies,Central,10,1146.04,480.43,0.3
ORD-101283,07/12/2024,Christopher Garcia,CU-10165,Professional Supplies B,Office Supplies,Central,6,2938.8,167.72,0
ORD-101284,08/10/2023,Michelle Ramirez,CU-10028,Eco Phones E,Technology,Central,8,695.36,45.79,0
ORD-101285,04/01/2023,Donald Smith,CU-10154,Eco Envelopes A,Office Supplies,Central,9,5470.9,392.43,0.1
ORD-101286,04/19/2023,Mary Williams,CU-10151,Basic Chairs D,Furniture,East,11,2811.5,-350.28,0.1
ORD-101287,12/29/2023,Andrew Lee,CU-10217,Premium Binders A,Office Supplies,Central,1,532.27,113.76,0.3
ORD-101288,06/16/2024,Anthony Brown,CU-10213,Professional Copiers F,Technology,Central,7,4651.08,730.91,0
ORD-101289,03/31/2023,Anthony Anderson,CU-10066,Wireless Sofas B,Furniture,South,9,1474.01,326.46,0.3
ORD-101290,03/20/2024,Susan White,CU-10082,Standard Binders C,Office Supplies,West,11,4551.82,319.12,0.1
ORD-101291,06/26/2024,Emily Taylor,CU-10215,Basic Accessories F,Technology,Central,10,3707.8,1172.58,0
ORD-101292,01/09/2024,Richard Garcia,CU-10069,Basic Laptops A,Technology,South,6,709.98,261.88,0
ORD-101293,07/20/2024,Charles Smith,CU-10112,Executive Bookcases F,Furniture,South,10,965.79,37.32,0.3
ORD-101294,02/09/2024,Joshua Anderson,CU-10049,Standard Storage A,Office Supplies,Central,3,1678.77,435.5,0.15
ORD-101295,03/25/2023,Ashley Rodriguez,CU-10137,Eco Fasteners B,Office Supplies,Central,1,396.02,66.61,0
ORD-101296,02/08/2024,Lisa Wilson,CU-10038,Basic Envelopes B,Office Supplies,Central,4,3384.24,690.12,0
ORD-101297,02/21/2024,Donald Smith,CU-10154,Compact Storage B,Office Supplies,East,3,564.36,154.42,0
ORD-101298,09/21/2023,Susan White,CU-10082,Deluxe Bookcases D,Furniture,South,8,3224.58,-126.9,0.2
ORD-101299,08/23/2024,Anthony Brown,CU-10213,Deluxe Office Desks C,Furniture,Central,10,2576.96,461.36,0.2
ORD-101300,01/22/2024,Michelle Jackson,CU-10131,Premium Fasteners E,Office Supplies,West,10,5215.6,312.49,0.2
ORD-101301,04/29/2023,Donald Martinez,CU-10084,Premium Supplies F,Office Supplies,South,6,998.58,217.7,0
ORD-101302,07/29/2024,Karen Thomas,CU-10144,Professional Phones A,Technology,South,8,1858.48,529.72,0
ORD-101303,12/06/2023,Andrew Thompson,CU-10207,Deluxe Office Desks C,Furniture,East,11,1767.69,-134.21,0.3
ORD-101304,08/09/2024,Ashley Clark,CU-10196,Deluxe Office Desks A,Furniture,South,8,3101.36,179.38,0
ORD-101305,08/05/2024,Richard Lewis,CU-10043,Eco Envelopes F,Office Supplies,South,1,671.43,213.48,0.15
ORD-101306,11/06/2024,Donald Martinez,CU-10084,Deluxe Monitors C,Technology,West,8,3223.01,728.56,0.1
ORD-101307,09/14/2024,Mary Jackson,CU-10010,Eco Art C,Office Supplies,West,9,1339.02,296,0
ORD-101308,07/10/2023,John Clark,CU-10120,Wireless Sofas C,Furniture,Central,6,2826.22,233.86,0.15
ORD-101309,10/16/2023,Linda Smith,CU-10139,Executive Copiers B,Technology,West,8,1001.09,191.76,0.2
ORD-101310,02/16/2023,Nancy Martin,CU-10216,Standard Laptops B,Technology,West,6,2351.4,153.27,0
ORD-101311,04/27/2024,Mark Smith,CU-10184,Wireless Paper A,Office Supplies,East,2,1151.58,78.97,0
ORD-101312,05/04/2023,Anthony Sanchez,CU-10210,Standard Furnishings B,Furniture,Central,9,7089.39,1744.13,0
ORD-101313,06/27/2023,Steven White,CU-10153,Wireless Paper A,Office Supplies,West,1,222.62,63.18,0
ORD-101314,12/13/2024,Lisa Wilson,CU-10038,Premium Chairs F,Furniture,East,6,4067.1,242.67,0
ORD-101315,06/07/2024,Richard Garcia,CU-10069,Ergonomic Binders E,Office Supplies,West,4,1648.96,122.85,0
ORD-101316,01/30/2023,Christopher Thompson,CU-10218,Deluxe Chairs A,Furniture,South,11,3739.53,72.58,0.1
ORD-101317,05/29/2023,Nancy Martin,CU-10216,Standard Furnishings B,Furniture,West,6,1244.74,5.96,0.2
ORD-101318,04/11/2024,Christopher Jones,CU-10029,Professional Tables E,Furniture,East,6,1848.97,251.08,0.3
ORD-101319,07/13/2023,Betty Robinson,CU-10092,Deluxe Monitors C,Technology,South,1,220.51,74.39,0.3
ORD-101320,05/19/2023,Christopher Jones,CU-10029,Standard Chairs C,Furniture,South,9,3031.08,-70.41,0.15
ORD-101321,02/18/2023,Barbara Rodriguez,CU-10080,Ergonomic Phones C,Technology,West,1,150.78,8.46,0
ORD-101322,01/07/2023,Andrew Thompson,CU-10207,Basic Office Desks E,Furniture,East,9,4167.14,-504.84,0.3
ORD-101323,10/06/2023,Kimberly Miller,CU-10083,Compact Binders D,Office Supplies,South,12,2578.32,572.54,0
ORD-101324,06/06/2023,Sandra Ramirez,CU-10134,Premium Supplies F,Office Supplies,East,6,4150.98,686.91,0
ORD-101325,04/11/2024,Paul Lee,CU-10048,Basic Envelopes B,Office Supplies,East,3,466.53,156.18,0
ORD-101326,05/27/2024,Lisa Johnson,CU-10007,Ergonomic Storage E,Office Supplies,Central,2,1096.7,69.68,0
ORD-101327,07/09/2024,David Brown,CU-10086,Compact Fasteners D,Office Supplies,West,5,2685.9,480.76,0
ORD-101328,01/04/2023,Christopher Moore,CU-10109,Ergonomic Phones C,Technology,Central,8,4605.41,171.25,0.1
ORD-101329,07/08/2024,Donald Martinez,CU-10084,Wireless Machines C,Technology,East,11,6990.46,1043.11,0.2
ORD-101330,08/19/2024,John Wilson,CU-10073,Eco Fasteners B,Office Supplies,South,7,2724.79,742.66,0.2
ORD-101331,07/24/2023,Charles Davis,CU-10191,Compact Fasteners D,Office Supplies,Central,10,4617.52,448.01,0.2
ORD-101332,02/15/2024,Donald Smith,CU-10148,Standard Chairs C,Furniture,Central,12,5764.73,1014.83,0.15
ORD-101333,09/30/2024,Linda Lopez,CU-10164,Premium Copiers E,Technology,Central,9,1154.3,54.02,0.2
ORD-101334,04/18/2024,Richard Robinson,CU-10008,Basic Envelopes C,Office Supplies,West,6,3519.99,1278.33,0.1
ORD-101335,11/19/2023,Thomas Martin,CU-10085,Executive Paper C,Office Supplies,West,11,7552.51,2495.54,0.1
ORD-101336,07/22/2023,Charles Lewis,CU-10062,Executive Office Desks B,Furniture,East,11,4846.16,-610.89,0
ORD-101337,08/02/2024,Sandra Martinez,CU-10004,Executive Storage F,Office Supplies,Central,7,1519.07,176.54,0
ORD-101338,03/21/2023,Emily Anderson,CU-10163,Ergonomic Accessories C,Technology,West,10,6603.9,2428.06,0.15
ORD-101339,11/07/2024,Donald Williams,CU-10006,Basic Paper D,Office Supplies,East,6,691.5,136.16,0
ORD-101340,10/23/2023,Matthew Johnson,CU-10171,Ergonomic Binders E,Office Supplies,East,5,401.2,82.35,0
ORD-101341,08/14/2024,Paul Jones,CU-10118,Premium Binders A,Office Supplies,South,4,1585.89,589.85,0.2
ORD-101342,09/06/2023,Kimberly Rodriguez,CU-10136,Deluxe Accessories A,Technology,Central,8,2384,447.49,0
ORD-101343,08/18/2024,Kimberly Rodriguez,CU-10136,Professional Supplies B,Office Supplies,Central,1,192.19,67.38,0.1
ORD-101344,06/29/2024,Anthony Anderson,CU-10066,Deluxe Sofas A,Furniture,West,5,3070.53,-433.04,0.1
ORD-101345,02/25/2023,Susan Sanchez,CU-10095,Premium Tables B,Furniture,Central,6,2918.02,559.18,0.2
ORD-101346,03/29/2024,Christopher Rodriguez,CU-10183,Executive Bookcases F,Furniture,Central,5,40.95,6.53,0
ORD-101347,04/02/2023,Betty Robinson,CU-10092,Standard Storage A,Office Supplies,West,1,790.49,279.19,0
ORD-101348,06/28/2024,Joseph Jackson,CU-10158,Compact Storage B,Office Supplies,Central,10,4887.93,1841.08,0.15
ORD-101349,05/26/2023,Mary Hernandez,CU-10188,Professional Tables D,Furniture,West,9,6640.35,-819.42,0.15
ORD-101350,04/11/2023,Christopher Williams,CU-10039,Ergonomic Phones F,Technology,Central,5,2122.03,373.15,0.15
ORD-101351,12/21/2024,Charles Smith,CU-10112,Premium Chairs F,Furniture,Central,8,4207.76,186.07,0
ORD-101352,04/08/2023,Joseph Davis,CU-10003,Premium Chairs F,Furniture,West,9,5633.01,933.46,0
ORD-101353,04/24/2024,James Martinez,CU-10106,Basic Bookcases C,Furniture,West,5,1943.72,-189.64,0.2
ORD-101354,08/28/2024,Betty Robinson,CU-10092,Compact Fasteners D,Office Supplies,Central,6,3936.54,1651.47,0
ORD-101355,01/26/2023,Joseph Davis,CU-10003,Eco Chairs E,Furniture,South,7,4594.59,-168.19,0
ORD-101356,09/10/2024,Margaret Thomas,CU-10203,Professional Tables E,Furniture,Central,6,3708.18,605.65,0
ORD-101357,08/16/2023,Mary Williams,CU-10151,Basic Office Desks F,Furniture,South,1,248.16,11.17,0
ORD-101358,07/09/2024,Nancy Martin,CU-10216,Professional Art B,Office Supplies,South,3,537.6,60.29,0.1
ORD-101359,02/14/2023,Richard Lewis,CU-10043,Professional Copiers F,Technology,East,2,1242.5,374.4,0.15
ORD-101360,08/31/2023,Betty Hernandez,CU-10005,Premium Laptops F,Technology,Central,3,667.52,228.59,0.1
ORD-101361,02/17/2023,Lisa Clark,CU-10205,Professional Supplies B,Office Supplies,South,8,2666.38,494.79,0.3
ORD-101362,04/27/2024,Charles Lewis,CU-10062,Standard Accessories B,Technology,West,2,117.48,27.37,0
ORD-101363,06/11/2023,Paul Gonzalez,CU-10133,Professional Paper F,Office Supplies,West,3,1221.06,174.88,0
ORD-101364,07/05/2024,Nancy Martin,CU-10216,Executive Monitors E,Technology,Central,2,13.9,3.55,0.2
ORD-101365,06/26/2024,Linda Lewis,CU-10141,Premium Fasteners E,Office Supplies,West,2,1672.76,406.78,0
ORD-101366,10/20/2023,John Moore,CU-10031,Executive Laptops E,Technology,South,12,2466.72,298.05,0
ORD-101367,07/27/2024,Joseph Jackson,CU-10158,Compact Monitors F,Technology,South,1,532.16,116.94,0
ORD-101368,10/04/2023,John Lopez,CU-10162,Ergonomic Binders E,Office Supplies,West,11,4025.24,1492.45,0.1
ORD-101369,02/02/2024,Emily Anderson,CU-10070,Executive Storage F,Office Supplies,South,4,369.96,106.77,0
ORD-101370,12/28/2023,Linda Johnson,CU-10211,Executive Monitors A,Technology,South,11,4230.15,62.38,0.3
ORD-101371,03/09/2023,Donald Taylor,CU-10212,Professional Bookcases A,Furniture,East,4,1802.47,255.91,0.3
ORD-101372,11/23/2024,Lisa Martin,CU-10178,Wireless Binders F,Office Supplies,West,4,2121.67,694.74,0.3
ORD-101373,04/28/2023,David Brown,CU-10086,Wireless Paper A,Office Supplies,South,1,755.33,94.99,0.1
ORD-101374,08/17/2024,Anthony Anderson,CU-10066,Eco Office Desks D,Furniture,South,2,1652.74,-99.47,0
ORD-101375,09/20/2024,William Lewis,CU-10209,Wireless Machines B,Technology,West,11,7252.87,101.24,0.2
ORD-101376,01/14/2023,Ashley Clark,CU-10027,Compact Storage C,Office Supplies,South,3,850.41,327.79,0
ORD-101377,09/10/2024,Sandra Ramirez,CU-10017,Basic Office Desks E,Furniture,South,1,583.21,131.93,0.1
ORD-101378,07/05/2024,William Gonzalez,CU-10059,Premium Fasteners A,Office Supplies,West,4,577.32,53.27,0
ORD-101379,11/08/2023,Ashley Clark,CU-10027,Compact Furnishings C,Furniture,Central,11,203.64,50.84,0.15
ORD-101380,02/10/2023,Lisa Wilson,CU-10038,Professional Art B,Office Supplies,South,1,363.81,68.47,0
ORD-101381,07/18/2023,Ashley Harris,CU-10152,Deluxe Art D,Office Supplies,East,5,2658.46,1056.04,0.15
ORD-101382,11/11/2024,Richard Anderson,CU-10204,Wireless Monitors D,Technology,West,3,299.19,16.57,0.1
ORD-101383,07/27/2024,Donald Taylor,CU-10009,Executive Supplies A,Office Supplies,West,5,128.56,10.87,0.15
ORD-101384,06/21/2023,Nancy Smith,CU-10002,Eco Envelopes A,Office Supplies,Central,8,3210.01,1162.31,0.15
ORD-101385,08/26/2024,Betty Hernandez,CU-10005,Compact Storage C,Office Supplies,West,12,1587.28,179.21,0.1
ORD-101386,04/18/2024,Sandra Thomas,CU-10014,Deluxe Bookcases D,Furniture,West,6,1944.06,205.59,0
ORD-101387,12/30/2023,Emily Anderson,CU-10163,Eco Art C,Office Supplies,Central,12,2505.79,875.1,0.2
ORD-101388,03/22/2023,Elizabeth Martinez,CU-10122,Wireless Supplies D,Office Supplies,West,7,1229.27,472.98,0.15
ORD-101389,07/12/2024,Margaret Lewis,CU-10181,Deluxe Envelopes E,Office Supplies,East,1,379.76,104.02,0.2
ORD-101390,07/14/2023,Linda Robinson,CU-10024,Wireless Supplies D,Office Supplies,Central,10,7292,155.71,0
ORD-101391,11/24/2023,Michelle Smith,CU-10160,Basic Envelopes B,Office Supplies,South,10,5312.9,1868.84,0
ORD-101392,10/28/2023,Andrew Miller,CU-10174,Standard Binders B,Office Supplies,Central,4,2608.96,402.53,0
ORD-101393,03/16/2024,Anthony Brown,CU-10213,Deluxe Office Desks A,Furniture,Central,1,295.25,22.6,0.15
ORD-101394,01/23/2023,Jennifer Lee,CU-10065,Standard Chairs C,Furniture,Central,5,1037.36,-29.14,0.2
ORD-101395,04/04/2024,Matthew Lee,CU-10072,Standard Furnishings F,Furniture,West,5,358.7,10.95,0
ORD-101396,09/18/2024,Donald Martinez,CU-10102,Professional Tables E,Furniture,South,7,3426.78,421.74,0
ORD-101397,04/01/2024,Steven White,CU-10153,Standard Machines E,Technology,East,10,1834.7,274.64,0
ORD-101398,03/22/2023,Susan Johnson,CU-10157,Eco Envelopes F,Office Supplies,Central,6,4508.64,1012.8,0
ORD-101399,05/01/2024,Jessica Martin,CU-10040,Standard Accessories B,Technology,South,11,4830.6,1053.25,0.3
ORD-101400,05/25/2023,Donald Martinez,CU-10102,Standard Binders B,Office Supplies,East,10,169.05,24.47,0.3
ORD-101401,10/17/2024,Thomas Jackson,CU-10115,Compact Furnishings C,Furniture,South,8,1458.36,-207.1,0.1
ORD-101402,03/22/2023,Sandra Ramirez,CU-10134,Eco Office Desks D,Furniture,East,3,846.12,208.22,0.2
ORD-101403,07/03/2023,Susan Lopez,CU-10012,Professional Tables D,Furniture,East,3,123.6,29.32,0
ORD-101404,05/11/2024,David Ramirez,CU-10036,Deluxe Art D,Office Supplies,West,9,622.08,219.03,0
ORD-101405,11/17/2024,Barbara Garcia,CU-10078,Compact Furnishings C,Furniture,West,4,2752.5,64.05,0.15
ORD-101406,05/08/2023,Mark Smith,CU-10184,Professional Tables E,Furniture,Central,4,127.39,-6.2,0.2
ORD-101407,09/15/2024,Sarah Jackson,CU-10033,Basic Laptops A,Technology,West,4,1485.96,273.09,0.3
ORD-101408,12/02/2024,John Brown,CU-10097,Deluxe Office Desks C,Furniture,South,8,3670.24,818.97,0
ORD-101409,03/20/2023,Charles Davis,CU-10191,Basic Fasteners F,Office Supplies,Central,2,40.54,10.78,0.1
ORD-101410,10/12/2024,Paul Brown,CU-10056,Executive Monitors A,Technology,Central,2,942.58,65.59,0.3
ORD-101411,06/02/2024,Richard Anderson,CU-10204,Compact Storage C,Office Supplies,East,11,5624.7,1788.51,0.2
ORD-101412,07/12/2024,Margaret Lee,CU-10169,Ergonomic Binders E,Office Supplies,South,5,2962.8,1034.78,0
ORD-101413,08/04/2024,James Hernandez,CU-10053,Premium Tables B,Furniture,South,11,7204.74,322.56,0.2
ORD-101414,07/02/2023,Karen Clark,CU-10103,Deluxe Accessories A,Technology,East,6,1285.69,31.62,0.1
ORD-101415,06/21/2023,Jennifer Lee,CU-10065,Wireless Binders F,Office Supplies,Central,10,1739.6,102.64,0
ORD-101416,03/28/2023,Donald Williams,CU-10006,Basic Machines F,Technology,East,7,161.85,9.2,0.1
ORD-101417,11/27/2024,Thomas Rodriguez,CU-10170,Executive Machines D,Technology,South,11,3527.91,1265.73,0.3
ORD-101418,07/21/2024,Thomas Miller,CU-10035,Compact Fasteners D,Office Supplies,East,1,879.19,319.27,0
ORD-101419,01/22/2023,Christopher Rodriguez,CU-10183,Executive Monitors A,Technology,West,11,202.51,37.95,0
ORD-101420,06/05/2024,Andrew Moore,CU-10117,Basic Bookcases C,Furniture,Central,11,105.71,-0.11,0
ORD-101421,08/16/2023,Paul Jones,CU-10118,Wireless Paper A,Office Supplies,East,11,7309.72,738.47,0
ORD-101422,04/03/2023,Jennifer Williams,CU-10113,Premium Chairs F,Furniture,South,1,44.07,9.25,0
ORD-101423,11/17/2023,Paul Gonzalez,CU-10133,Basic Envelopes C,Office Supplies,South,4,1320.8,234.03,0
ORD-101424,07/26/2024,Anthony Sanchez,CU-10210,Compact Bookcases B,Furniture,East,9,331.53,-7.95,0.1
ORD-101425,10/12/2024,Karen Thomas,CU-10144,Eco Envelopes F,Office Supplies,South,12,7662,1681.71,0
ORD-101426,05/24/2024,Sarah Anderson,CU-10119,Basic Chairs D,Furniture,South,4,2036.29,360.18,0.2
ORD-101427,03/13/2023,Mary Williams,CU-10151,Basic Fasteners F,Office Supplies,South,12,8391.6,2414.21,0
ORD-101428,05/28/2024,Paul Brown,CU-10056,Standard Copiers A,Technology,Central,2,667.36,164.39,0.2
ORD-101429,09/27/2024,Donald Taylor,CU-10009,Professional Supplies B,Office Supplies,South,7,4540.13,1137.76,0
ORD-101430,05/18/2024,Linda Robinson,CU-10024,Basic Paper D,Office Supplies,East,5,1863.71,779.46,0.15
ORD-101431,09/18/2024,Sarah White,CU-10193,Executive Laptops C,Technology,Central,4,1032.14,186.28,0.15
ORD-101432,10/12/2024,Karen Perez,CU-10057,Deluxe Labels E,Office Supplies,Central,2,267.5,84.66,0.1
ORD-101433,03/26/2023,Mary Jackson,CU-10010,Deluxe Accessories A,Technology,South,1,306.1,112.74,0.2
ORD-101434,04/09/2024,Christopher Moore,CU-10109,Professional Laptops D,Technology,West,2,1306.76,396.13,0
ORD-101435,12/30/2024,Betty Sanchez,CU-10026,Ergonomic Phones F,Technology,West,4,3042.49,1057.37,0.15
ORD-101436,09/08/2023,Barbara White,CU-10054,Premium Fasteners E,Office Supplies,South,5,1895.85,101.94,0
ORD-101437,07/20/2024,Mark Miller,CU-10129,Ergonomic Phones C,Technology,West,8,708.4,258.37,0
ORD-101438,02/25/2024,Susan Sanchez,CU-10095,Professional Paper F,Office Supplies,Central,1,313.27,86.93,0.3
ORD-101439,03/08/2024,Emily Anderson,CU-10070,Eco Envelopes A,Office Supplies,Central,8,1918.32,325.73,0
ORD-101440,05/15/2023,Donald Williams,CU-10006,Standard Furnishings F,Furniture,West,3,137.79,-0.73,0
ORD-101441,08/16/2023,Sandra Garcia,CU-10197,Professional Supplies B,Office Supplies,West,8,3114.16,273.27,0.3
ORD-101442,12/30/2023,Christopher Moore,CU-10109,Standard Binders C,Office Supplies,Central,1,602.91,139.63,0.15
ORD-101443,12/10/2023,William Thomas,CU-10126,Wireless Paper A,Office Supplies,Central,4,1179.24,63.29,0
ORD-101444,10/28/2024,Anthony Brown,CU-10025,Deluxe Office Desks C,Furniture,East,10,5222.72,-416.29,0.2
ORD-101445,01/12/2023,Mary Jackson,CU-10010,Deluxe Office Desks C,Furniture,Central,6,3267.3,-225.19,0
ORD-101446,03/09/2023,Anthony Anderson,CU-10066,Ergonomic Furnishings E,Furniture,East,5,1581.15,307.15,0
ORD-101447,03/02/2024,William Martin,CU-10094,Wireless Envelopes D,Office Supplies,South,1,364.64,122.59,0.15
ORD-101448,09/20/2024,Mark Smith,CU-10184,Compact Monitors F,Technology,South,12,568.68,138.42,0.3
ORD-101449,12/14/2023,Emily White,CU-10149,Compact Furnishings C,Furniture,South,4,2422.94,393.2,0.15
ORD-101450,04/22/2023,Jennifer Lee,CU-10065,Eco Phones E,Technology,East,2,377.36,69.95,0.3
ORD-101451,03/15/2023,Paul Brown,CU-10056,Compact Supplies C,Office Supplies,East,7,4258,1618.84,0.15
ORD-101452,07/06/2024,Donald Williams,CU-10006,Ergonomic Binders E,Office Supplies,West,10,3161.79,154.6,0.1
ORD-101453,01/01/2023,Betty Hernandez,CU-10005,Ergonomic Storage E,Office Supplies,Central,8,3552.9,226.78,0.2
ORD-101454,07/19/2023,John Johnson,CU-10138,Wireless Binders F,Office Supplies,West,9,1193.41,113.43,0.3
ORD-101455,11/06/2023,Anthony Sanchez,CU-10046,Premium Bookcases E,Furniture,West,9,708.31,-39.24,0.15
ORD-101456,12/01/2024,Betty Robinson,CU-10092,Basic Office Desks F,Furniture,South,11,7234.04,490.48,0.2
ORD-101457,11/19/2024,Michael Harris,CU-10172,Deluxe Labels E,Office Supplies,South,3,1075.65,435.33,0
ORD-101458,11/15/2024,Emily Anderson,CU-10070,Professional Supplies B,Office Supplies,West,1,543.9,109.76,0
ORD-101459,01/19/2023,Linda Robinson,CU-10024,Standard Furnishings B,Furniture,East,6,2382.01,206.58,0.15
ORD-101460,06/12/2024,Donald Williams,CU-10006,Eco Chairs E,Furniture,South,11,5029.11,727.28,0.2
ORD-101461,09/16/2023,Patricia Ramirez,CU-10034,Basic Labels C,Office Supplies,West,12,7334.52,1671.43,0
ORD-101462,03/14/2023,Robert Clark,CU-10123,Standard Binders B,Office Supplies,West,10,2990.64,80.97,0.15
ORD-101463,12/27/2024,Barbara Rodriguez,CU-10080,Executive Laptops E,Technology,Central,8,900.56,121.31,0
ORD-101464,12/27/2024,Jennifer Williams,CU-10113,Deluxe Bookcases D,Furniture,Central,1,408.87,76.56,0.15
ORD-101465,02/15/2023,Kimberly Martinez,CU-10068,Professional Phones A,Technology,East,8,3406.32,873.83,0.15
ORD-101466,05/05/2024,Anthony Brown,CU-10213,Professional Tables D,Furniture,West,11,903.3,94.82,0.15
ORD-101467,05/26/2023,Andrew Thomas,CU-10047,Standard Machines E,Technology,Central,6,1684.91,73.19,0.1
ORD-101468,08/26/2024,Anthony Anderson,CU-10066,Wireless Art F,Office Supplies,South,10,6505,191.67,0
ORD-101469,08/18/2023,Andrew Thompson,CU-10207,Premium Supplies F,Office Supplies,West,10,2765.7,1011.28,0.3
ORD-101470,08/01/2023,Sandra Ramirez,CU-10017,Basic Storage D,Office Supplies,West,8,1646.21,542.55,0.1
ORD-101471,09/03/2023,Betty Sanchez,CU-10026,Premium Fasteners A,Office Supplies,East,12,3613.79,335.19,0.1
ORD-101472,08/02/2024,John Johnson,CU-10138,Deluxe Tables A,Furniture,Central,9,4993.46,-697.69,0.15
ORD-101473,05/08/2023,Ashley Rodriguez,CU-10137,Ergonomic Storage E,Office Supplies,South,3,1465.11,67.65,0
ORD-101474,05/18/2024,Mary Hernandez,CU-10188,Professional Phones A,Technology,Central,5,3147.34,43.14,0.1
ORD-101475,08/19/2023,Mary Rodriguez,CU-10132,Basic Paper D,Office Supplies,South,5,2542.82,577.04,0.15
ORD-101476,09/22/2024,Charles Smith,CU-10112,Compact Furnishings C,Furniture,Central,2,895.54,-29.93,0
ORD-101477,09/09/2023,Sandra Thomas,CU-10042,Eco Art C,Office Supplies,South,10,8709.7,1542.85,0
ORD-101478,07/26/2024,Steven Lewis,CU-10015,Compact Bookcases B,Furniture,Central,10,2721.2,627.05,0
ORD-101479,06/28/2024,Lisa Williams,CU-10200,Basic Paper E,Office Supplies,Central,9,1239.93,168.44,0
ORD-101480,06/30/2024,Mark Moore,CU-10019,Ergonomic Furnishings E,Furniture,West,8,4626.56,647.52,0.2
ORD-101481,08/16/2024,Donald Thompson,CU-10219,Deluxe Labels E,Office Supplies,South,6,394.9,80.83,0.2
ORD-101482,11/21/2023,Sarah Taylor,CU-10167,Professional Paper F,Office Supplies,West,6,128.39,28.91,0.3
ORD-101483,02/21/2024,Patricia Davis,CU-10101,Premium Accessories D,Technology,South,4,3305.08,779.1,0
ORD-101484,07/28/2023,Barbara Gonzalez,CU-10064,Professional Copiers C,Technology,West,1,52.61,17.91,0.1
ORD-101485,08/08/2023,Ashley Lewis,CU-10156,Professional Tables D,Furniture,South,12,397.98,58.28,0.1
ORD-101486,11/13/2024,Mark Miller,CU-10129,Standard Accessories B,Technology,South,2,975.35,172.19,0.1
ORD-101487,03/21/2023,James Perez,CU-10201,Deluxe Labels E,Office Supplies,West,8,5333.68,1278.3,0
ORD-101488,01/02/2023,Robert Harris,CU-10045,Eco Office Desks D,Furniture,East,9,5668.47,240,0
ORD-101489,09/12/2023,Susan Lopez,CU-10012,Wireless Art F,Office Supplies,West,5,3022.85,278.59,0
ORD-101490,04/12/2024,Betty Hernandez,CU-10005,Professional Laptops D,Technology,South,9,2233.19,-27.49,0.15
ORD-101491,10/22/2024,Emily Taylor,CU-10215,Compact Binders D,Office Supplies,Central,5,2430.18,738.24,0.1
ORD-101492,09/01/2023,Sarah Anderson,CU-10063,Basic Envelopes B,Office Supplies,East,3,199.56,58.08,0.3
ORD-101493,03/28/2024,Steven Martinez,CU-10050,Ergonomic Binders E,Office Supplies,West,12,2327.4,930.26,0
ORD-101494,08/03/2024,Paul Miller,CU-10105,Wireless Chairs B,Furniture,South,11,5756.87,153.24,0.2
ORD-101495,05/28/2023,Robert Thomas,CU-10182,Compact Monitors F,Technology,East,11,9726.53,3001.22,0
ORD-101496,09/28/2024,Robert Harris,CU-10045,Executive Bookcases F,Furniture,Central,11,2497.77,-287.8,0
ORD-101497,05/07/2024,Charles Rodriguez,CU-10032,Professional Laptops D,Technology,Central,12,987.36,141.02,0
ORD-101498,03/13/2023,Sandra Ramirez,CU-10017,Professional Phones A,Technology,Central,10,4022.63,430.87,0.15
ORD-101499,10/10/2024,Robert Harris,CU-10045,Basic Office Desks F,Furniture,South,9,2433.51,156.69,0
ORD-101500,10/11/2024,Emily Anderson,CU-10163,Standard Binders B,Office Supplies,Central,5,1683.5,495.56,0.3
ORD-101501,03/20/2024,John Brown,CU-10097,Standard Laptops B,Technology,Central,3,671.16,168.31,0.2
ORD-101502,10/17/2023,Michelle Taylor,CU-10088,Executive Bookcases F,Furniture,South,1,522.66,-66.99,0.2
ORD-101503,10/18/2023,Paul Gonzalez,CU-10133,Basic Envelopes C,Office Supplies,East,1,574.34,60.43,0.1
ORD-101504,05/15/2023,John Brown,CU-10097,Basic Machines F,Technology,South,12,2726.05,281.47,0.3
ORD-101505,08/05/2024,Patricia Davis,CU-10101,Compact Supplies C,Office Supplies,South,2,902.3,125.55,0.1
ORD-101506,07/27/2024,James Martinez,CU-10106,Professional Tables F,Furniture,West,8,1206.48,175.21,0
ORD-101507,09/23/2024,Christopher Williams,CU-10039,Compact Binders D,Office Supplies,West,6,4432.62,92.06,0
ORD-101508,04/21/2024,David Martin,CU-10067,Premium Copiers E,Technology,South,5,649.14,29.51,0.3
ORD-101509,09/26/2023,Ashley Clark,CU-10196,Ergonomic Accessories C,Technology,Central,4,538.25,171.37,0.15
ORD-101510,05/22/2024,Patricia Hernandez,CU-10143,Standard Binders C,Office Supplies,East,4,786.66,284.87,0.3
ORD-101511,08/23/2024,Sarah Anderson,CU-10119,Compact Furnishings C,Furniture,West,12,3071.76,475.28,0
ORD-101512,11/21/2023,Christopher Rodriguez,CU-10183,Ergonomic Accessories C,Technology,South,9,3607.51,1027.28,0.15
ORD-101513,11/17/2024,Barbara Garcia,CU-10078,Premium Tables B,Furniture,West,7,3788.6,645.25,0.15
ORD-101514,05/31/2023,John Thompson,CU-10206,Professional Tables D,Furniture,West,3,1971.94,397.05,0.2
ORD-101515,01/05/2024,Michael Davis,CU-10175,Ergonomic Furnishings E,Furniture,East,3,2205.99,370.86,0
ORD-101516,07/15/2023,Thomas Martin,CU-10085,Executive Supplies E,Office Supplies,West,7,2002.43,278.24,0.3
ORD-101517,08/01/2023,Andrew Moore,CU-10001,Standard Furnishings B,Furniture,Central,6,1498.18,195.21,0.15
ORD-101518,05/07/2024,Karen Clark,CU-10103,Ergonomic Accessories C,Technology,East,8,419.9,107.84,0.1
ORD-101519,09/14/2024,Sarah Anderson,CU-10063,Eco Office Desks D,Furniture,Central,6,1235.18,49.11,0.2
ORD-101520,03/18/2024,Charles Lee,CU-10202,Wireless Machines B,Technology,West,10,7424.4,2224.91,0
ORD-101521,12/31/2023,James Taylor,CU-10114,Basic Office Desks E,Furniture,South,12,3840.4,694.49,0.15
ORD-101522,11/05/2023,Donald Williams,CU-10006,Standard Furnishings F,Furniture,Central,5,2052.86,-128.02,0.1
ORD-101523,07/03/2023,Ashley Rodriguez,CU-10137,Premium Sofas F,Furniture,South,10,4765.23,-397.83,0.1
ORD-101524,12/30/2024,Donald Taylor,CU-10009,Deluxe Art D,Office Supplies,South,5,3720.2,556.43,0
ORD-101525,01/14/2023,Steven Lewis,CU-10015,Ergonomic Machines A,Technology,East,12,7691.44,1557.14,0.1
ORD-101526,01/29/2024,Joshua Moore,CU-10022,Professional Copiers C,Technology,South,12,5592.72,232.33,0
ORD-101527,01/29/2024,Ashley Clark,CU-10196,Standard Labels A,Office Supplies,East,12,7050.91,1461.15,0.2
ORD-101528,04/22/2023,Michelle Wilson,CU-10111,Executive Monitors E,Technology,West,12,8515.2,-22.04,0
ORD-101529,04/27/2024,Lisa Johnson,CU-10007,Premium Fasteners A,Office Supplies,Central,5,196.6,69.3,0.1
ORD-101530,09/06/2024,Andrew Moore,CU-10117,Executive Storage F,Office Supplies,West,4,2835.91,151.04,0.15
ORD-101531,04/08/2024,Donna Thompson,CU-10037,Executive Monitors A,Technology,West,12,7296.38,2667.78,0.2
ORD-101532,12/08/2023,Jennifer Williams,CU-10113,Deluxe Furnishings A,Furniture,West,8,1288.26,-161.65,0.15
ORD-101533,02/09/2024,Sarah Jackson,CU-10033,Basic Storage D,Office Supplies,East,4,280.04,69.59,0
ORD-101534,10/22/2023,Ashley Martin,CU-10116,Professional Art B,Office Supplies,East,8,3462.56,368.85,0
ORD-101535,05/07/2023,John Clark,CU-10120,Deluxe Office Desks A,Furniture,West,5,2153.77,-232.86,0.15
ORD-101536,03/26/2023,Margaret Thomas,CU-10203,Premium Sofas D,Furniture,West,10,5267.61,706.01,0.1
ORD-101537,12/07/2024,Charles Smith,CU-10112,Standard Accessories B,Technology,West,5,1083.03,75.02,0.15
ORD-101538,06/23/2023,Steven Martinez,CU-10194,Basic Chairs D,Furniture,South,7,2531.55,350,0.15
ORD-101539,04/18/2024,David Martin,CU-10067,Ergonomic Accessories C,Technology,East,8,5360.64,210.32,0
ORD-101540,08/17/2023,Jessica Martin,CU-10040,Basic Office Desks E,Furniture,Central,4,2008.51,417.26,0.2
ORD-101541,06/10/2024,Paul Miller,CU-10105,Basic Envelopes C,Office Supplies,West,5,1869.8,754.27,0
ORD-101542,09/04/2023,Michelle Clark,CU-10013,Ergonomic Copiers D,Technology,West,6,3151.34,594.67,0.2
ORD-101543,05/30/2023,James Robinson,CU-10130,Ergonomic Phones C,Technology,East,7,630.73,38.49,0.3
ORD-101544,06/28/2023,Andrew Miller,CU-10174,Premium Sofas D,Furniture,East,2,1407.31,-133.36,0.2
ORD-101545,04/09/2023,Donald Martinez,CU-10104,Executive Machines D,Technology,Central,9,1120.14,165.31,0.3
ORD-101546,06/03/2023,Joseph White,CU-10018,Deluxe Tables A,Furniture,South,11,3261.83,611.9,0
ORD-101547,09/18/2024,Margaret Thomas,CU-10203,Standard Laptops B,Technology,South,12,2637.12,627.39,0
ORD-101548,01/12/2024,Lisa Wilson,CU-10038,Professional Art B,Office Supplies,East,1,692.47,226.02,0
ORD-101549,05/15/2024,Betty Hernandez,CU-10005,Premium Chairs F,Furniture,South,1,49.32,8.97,0.1
ORD-101550,07/21/2023,Betty Brown,CU-10071,Basic Chairs D,Furniture,East,10,8153.7,-382.05,0
ORD-101551,11/04/2024,Joshua Martinez,CU-10011,Ergonomic Copiers D,Technology,Central,11,3477.67,244.36,0.2
ORD-101552,07/12/2023,John Lopez,CU-10096,Executive Machines D,Technology,Central,6,4461.66,131.88,0
ORD-101553,04/01/2024,Ashley Harris,CU-10152,Compact Monitors F,Technology,West,8,3095.44,978.42,0
ORD-101554,02/15/2024,Richard Lewis,CU-10043,Deluxe Art D,Office Supplies,East,10,580.04,230.93,0.15
ORD-101555,05/15/2024,Sandra Thomas,CU-10042,Executive Copiers B,Technology,Central,7,1388.12,30.86,0.3
ORD-101556,07/17/2023,Christopher Martin,CU-10076,Ergonomic Copiers D,Technology,Central,5,2065.14,660.59,0.3
ORD-101557,09/25/2024,Donald Smith,CU-10148,Premium Copiers E,Technology,West,7,262.69,91.61,0.15
ORD-101558,09/25/2023,Anthony Jackson,CU-10000,Premium Sofas D,Furniture,Central,2,1322.4,128.62,0.15
ORD-101559,04/26/2024,Andrew Lee,CU-10217,Eco Chairs E,Furniture,East,3,2433.84,103.33,0
ORD-101560,09/30/2023,Mark Moore,CU-10019,Executive Bookcases F,Furniture,East,12,4547.34,-48.92,0.3
ORD-101561,09/17/2024,Susan White,CU-10082,Compact Storage B,Office Supplies,Central,12,7012.9,1167.16,0.2
ORD-101562,08/26/2023,Paul Miller,CU-10105,Deluxe Art D,Office Supplies,East,6,4164.12,1342.41,0
ORD-101563,09/03/2023,James Taylor,CU-10020,Premium Sofas D,Furniture,West,8,860.29,-43.73,0.2
ORD-101564,10/31/2023,Richard Robinson,CU-10008,Compact Binders D,Office Supplies,East,11,1375.76,184.17,0.15
ORD-101565,05/13/2023,Christopher Clark,CU-10099,Wireless Supplies D,Office Supplies,Central,12,1444.93,418.26,0.1
ORD-101566,09/21/2024,Donna Thompson,CU-10037,Deluxe Accessories A,Technology,Central,4,1901.3,585.26,0.1
ORD-101567,07/15/2024,John Miller,CU-10189,Premium Chairs F,Furniture,Central,5,2408.72,56.67,0.1
ORD-101568,09/28/2023,Joshua Moore,CU-10022,Wireless Machines C,Technology,Central,1,268.83,37.46,0.2
ORD-101569,10/19/2024,Donald Martinez,CU-10102,Basic Bookcases C,Furniture,Central,3,2040.46,303.55,0.15
ORD-101570,04/07/2024,Steven White,CU-10153,Basic Paper E,Office Supplies,South,11,4392.41,942.76,0
ORD-101571,12/27/2024,James Robinson,CU-10130,Eco Envelopes F,Office Supplies,West,10,8299.7,3186.27,0
ORD-101572,08/16/2023,Paul Brown,CU-10056,Basic Office Desks E,Furniture,Central,12,5269.8,-308.59,0
ORD-101573,02/26/2024,Christopher Garcia,CU-10165,Basic Paper D,Office Supplies,Central,11,6565.94,576.02,0.15
ORD-101574,10/28/2023,Paul Hernandez,CU-10127,Standard Binders B,Office Supplies,East,9,2046.83,811.96,0.15
ORD-101575,09/08/2023,Robert Thomas,CU-10182,Premium Binders A,Office Supplies,Central,11,8060.26,652.02,0.15
ORD-101576,11/07/2024,Barbara Rodriguez,CU-10080,Wireless Art F,Office Supplies,East,11,5570.41,1502.16,0.3
ORD-101577,05/10/2023,Paul Miller,CU-10105,Ergonomic Storage E,Office Supplies,Central,6,2177.4,106.38,0
ORD-101578,05/14/2023,Joseph Martinez,CU-10051,Executive Monitors E,Technology,Central,10,8187,1814.86,0
ORD-101579,10/12/2024,Barbara Garcia,CU-10078,Deluxe Chairs A,Furniture,West,5,1439.73,53.48,0.15
ORD-101580,01/12/2024,Kimberly Miller,CU-10142,Executive Office Desks B,Furniture,East,3,787.86,0.02,0
ORD-101581,04/05/2024,James Hernandez,CU-10053,Deluxe Art D,Office Supplies,Central,11,1603.36,556.47,0
ORD-101582,07/04/2023,Kimberly Rodriguez,CU-10136,Professional Bookcases A,Furniture,South,2,1538.5,154.6,0
ORD-101583,03/25/2024,Robert Lewis,CU-10177,Ergonomic Furnishings E,Furniture,East,12,4475.69,-110.27,0.3
ORD-101584,02/04/2023,Donald Taylor,CU-10009,Eco Art C,Office Supplies,East,9,1534.3,367.63,0.1
ORD-101585,04/18/2024,Barbara Garcia,CU-10078,Wireless Sofas C,Furniture,East,8,5047.92,-101.39,0
ORD-101586,08/27/2023,Richard Anderson,CU-10204,Ergonomic Accessories C,Technology,South,3,1547.16,431.75,0
ORD-101587,01/25/2023,Patricia Hernandez,CU-10143,Basic Paper D,Office Supplies,West,12,2650.92,894.58,0
ORD-101588,09/01/2024,Paul Thomas,CU-10090,Executive Bookcases F,Furniture,South,4,2364.48,234.15,0
ORD-101589,09/21/2023,Sandra Robinson,CU-10030,Standard Accessories B,Technology,Central,3,75.98,17.21,0.1
ORD-101590,02/25/2023,Robert Lewis,CU-10177,Wireless Machines C,Technology,South,6,1679.28,82.6,0
ORD-101591,11/17/2024,Anthony Sanchez,CU-10210,Deluxe Labels E,Office Supplies,East,8,2048.65,112.19,0.3
ORD-101592,04/29/2023,Paul Lee,CU-10048,Executive Bookcases F,Furniture,South,2,1476.56,104.87,0
ORD-101593,09/02/2023,Margaret Lee,CU-10169,Deluxe Labels E,Office Supplies,South,5,487.56,182.46,0.2
ORD-101594,06/25/2024,Donald Martinez,CU-10102,Basic Paper E,Office Supplies,Central,1,526.77,171.23,0
ORD-101595,09/24/2023,Donald Jones,CU-10199,Basic Chairs D,Furniture,West,3,85.38,0.42,0
ORD-101596,06/01/2023,Steven Robinson,CU-10186,Premium Laptops F,Technology,Central,1,41.42,4.41,0.2
ORD-101597,10/26/2023,Michelle Taylor,CU-10088,Executive Laptops C,Technology,West,10,7170.39,1378.59,0.1
ORD-101598,11/13/2024,Anthony Sanchez,CU-10046,Executive Supplies A,Office Supplies,East,5,3120.35,1139.86,0
ORD-101599,03/21/2023,Donald Smith,CU-10148,Premium Bookcases E,Furniture,West,6,962.93,-131.65,0.15
ORD-101600,04/03/2023,Jessica Martin,CU-10040,Professional Tables E,Furniture,South,11,2689.83,379.67,0
ORD-101601,10/29/2023,Anthony Garcia,CU-10146,Standard Storage A,Office Supplies,West,3,1471.62,128.68,0
ORD-101602,08/26/2024,Andrew Thompson,CU-10207,Professional Phones A,Technology,Central,11,2210.75,483.33,0.3
ORD-101603,01/06/2023,Andrew Moore,CU-10117,Ergonomic Accessories E,Technology,West,10,3040.66,727.54,0.3
ORD-101604,06/10/2024,Christopher Williams,CU-10039,Professional Tables F,Furniture,West,6,3829.85,938.81,0.15
ORD-101605,12/05/2023,Christopher Thompson,CU-10218,Wireless Chairs B,Furniture,South,6,2470.61,197.57,0.1
ORD-101606,07/20/2023,Anthony Brown,CU-10025,Deluxe Office Desks A,Furniture,West,8,1216.64,295.48,0.2
ORD-101607,07/11/2024,Linda Robinson,CU-10024,Professional Art B,Office Supplies,Central,4,3390.52,1093.95,0
ORD-101608,04/07/2023,Robert Lewis,CU-10177,Professional Laptops D,Technology,East,6,4402.92,155.83,0
ORD-101609,11/04/2023,Matthew Miller,CU-10135,Standard Copiers A,Technology,West,8,5398.27,70.79,0.2
ORD-101610,02/13/2023,Thomas Perez,CU-10058,Ergonomic Art E,Office Supplies,West,8,3176.15,129.48,0.3
ORD-101611,04/15/2024,Linda Johnson,CU-10211,Deluxe Fasteners C,Office Supplies,Central,11,621.46,245.52,0.2
ORD-101612,06/03/2024,Christopher Jones,CU-10081,Wireless Supplies D,Office Supplies,West,1,551.93,42.91,0.2
ORD-101613,07/15/2023,Sandra Robinson,CU-10030,Standard Storage A,Office Supplies,South,7,505.46,47.34,0.2
ORD-101614,11/14/2023,Barbara Gonzalez,CU-10064,Standard Furnishings F,Furniture,Central,4,2784.96,309.19,0
ORD-101615,04/08/2023,Steven Clark,CU-10016,Executive Monitors E,Technology,East,10,4615.02,472.51,0.1
ORD-101616,09/01/2023,Anthony Sanchez,CU-10091,Basic Paper D,Office Supplies,Central,9,2253.19,415.28,0.3
ORD-101617,12/23/2024,Sarah Taylor,CU-10167,Executive Office Desks B,Furniture,East,6,2994.3,598.86,0
ORD-101618,07/23/2024,John Clark,CU-10120,Premium Bookcases E,Furniture,West,3,2206.11,515.05,0
ORD-101619,01/15/2023,Anthony Garcia,CU-10146,Premium Laptops F,Technology,South,5,4138.9,1365.71,0
ORD-101620,03/20/2024,Michelle Taylor,CU-10088,Ergonomic Labels D,Office Supplies,South,4,1836.52,557.6,0
ORD-101621,07/26/2023,Michelle Jackson,CU-10131,Basic Art A,Office Supplies,East,1,647.85,113.9,0
ORD-101622,03/01/2024,Susan Lopez,CU-10012,Standard Storage A,Office Supplies,East,10,949.41,167.97,0.1
ORD-101623,11/25/2023,Donald Jones,CU-10199,Deluxe Art D,Office Supplies,South,10,1629.7,211.17,0.15
ORD-101624,06/10/2024,Sarah White,CU-10193,Basic Fasteners F,Office Supplies,South,10,8501,3213.57,0
ORD-101625,10/22/2023,Donald Smith,CU-10154,Ergonomic Accessories C,Technology,South,1,566.36,0.11,0
ORD-101626,02/28/2024,Robert Moore,CU-10173,Deluxe Labels B,Office Supplies,West,9,5156.73,1756.5,0
ORD-101627,03/13/2023,Susan Thompson,CU-10145,Standard Labels A,Office Supplies,East,6,2641.04,203.27,0.15
ORD-101628,05/03/2023,Anthony Sanchez,CU-10091,Eco Phones E,Technology,West,5,2881.75,698.75,0
ORD-101629,07/05/2024,Sarah Anderson,CU-10063,Ergonomic Copiers D,Technology,West,12,4637.47,385.26,0.2
ORD-101630,02/09/2024,Jennifer Harris,CU-10161,Basic Envelopes C,Office Supplies,West,6,3971.38,282.81,0.2
ORD-101631,02/04/2023,Donald Taylor,CU-10212,Ergonomic Machines A,Technology,South,12,9620.52,583.12,0
ORD-101632,12/12/2024,Matthew Miller,CU-10135,Compact Bookcases B,Furniture,West,7,4788.21,-173.97,0
ORD-101633,11/26/2023,Matthew Johnson,CU-10171,Basic Envelopes C,Office Supplies,Central,1,316.22,14.79,0
ORD-101634,05/24/2024,Christopher Martin,CU-10076,Executive Copiers B,Technology,West,6,3537.87,879.48,0.3
ORD-101635,07/31/2023,John Lopez,CU-10162,Professional Art B,Office Supplies,West,8,1633.04,106.84,0
ORD-101636,02/06/2024,Sandra Robinson,CU-10030,Standard Binders B,Office Supplies,Central,3,1984.02,677.06,0
ORD-101637,04/06/2023,Betty Jones,CU-10187,Basic Chairs D,Furniture,West,9,5770.6,-780.99,0.1
ORD-101638,12/06/2024,Paul Gonzalez,CU-10133,Executive Furnishings D,Furniture,West,1,545.89,-65.45,0.15
ORD-101639,11/10/2024,Barbara Gonzalez,CU-10064,Executive Office Desks B,Furniture,East,10,2020.41,467.88,0.3
ORD-101640,04/08/2024,Betty Brown,CU-10071,Standard Storage A,Office Supplies,South,6,4351.93,629.57,0.15
ORD-101641,09/15/2024,James Taylor,CU-10114,Executive Office Desks B,Furniture,Central,9,528.84,-31.92,0
ORD-101642,05/19/2024,Sandra Thomas,CU-10042,Premium Sofas D,Furniture,Central,11,1821.7,-218.91,0.1
ORD-101643,04/21/2024,Andrew Thompson,CU-10207,Basic Laptops A,Technology,West,6,1522.44,486.19,0
ORD-101644,12/27/2024,Anthony Sanchez,CU-10210,Executive Bookcases F,Furniture,Central,10,5470.43,11.42,0.3
ORD-101645,12/13/2024,Paul Jones,CU-10118,Executive Supplies A,Office Supplies,Central,9,6075.25,707.1,0.15
ORD-101646,08/20/2023,Barbara White,CU-10054,Premium Chairs F,Furniture,East,11,7665.88,1265.51,0.15
ORD-101647,05/20/2024,Paul Jones,CU-10118,Professional Tables E,Furniture,Central,1,262.22,15.64,0.2
ORD-101648,11/30/2024,Joshua Jackson,CU-10168,Deluxe Art D,Office Supplies,South,8,5049.48,813.99,0.15
ORD-101649,02/21/2024,Robert Ramirez,CU-10074,Wireless Monitors D,Technology,West,11,4862.88,1128.79,0
ORD-101650,12/10/2024,James Martinez,CU-10106,Basic Accessories F,Technology,South,4,2553.7,134.76,0.1
ORD-101651,05/16/2023,Sarah Davis,CU-10192,Standard Tables C,Furniture,Central,10,1666.5,130.67,0
ORD-101652,03/01/2024,Anthony Johnson,CU-10093,Standard Laptops B,Technology,South,7,2215.02,501.66,0.2
ORD-101653,05/13/2023,Emily White,CU-10149,Wireless Envelopes D,Office Supplies,Central,6,1666.42,440.63,0.2
ORD-101654,07/31/2024,Michael Harris,CU-10172,Basic Paper D,Office Supplies,West,12,7330.08,1293.33,0
ORD-101655,12/11/2023,Kimberly Rodriguez,CU-10136,Compact Furnishings C,Furniture,Central,2,1799.5,-186.71,0
ORD-101656,11/13/2024,Patricia Davis,CU-10101,Premium Sofas D,Furniture,South,7,1652.24,224.72,0.1
ORD-101657,06/03/2023,Charles Rodriguez,CU-10032,Deluxe Office Desks C,Furniture,West,3,90.07,-11.61,0.3
ORD-101658,10/06/2024,Matthew Martinez,CU-10125,Executive Monitors A,Technology,East,10,988.98,143.02,0.15
ORD-101659,08/16/2024,Donald Martinez,CU-10104,Professional Phones A,Technology,East,4,2648.1,958.34,0.2
ORD-101660,07/17/2023,Richard Brown,CU-10155,Wireless Machines C,Technology,Central,6,145.32,38.69,0
ORD-101661,12/06/2024,Barbara Garcia,CU-10078,Standard Binders B,Office Supplies,Central,2,1289.28,153.98,0.15
ORD-101662,10/09/2023,Steven Martinez,CU-10194,Premium Chairs F,Furniture,West,11,1176.64,102.66,0.3
ORD-101663,02/13/2023,Betty Robinson,CU-10092,Executive Monitors E,Technology,West,3,413.34,9.81,0.3
ORD-101664,08/14/2023,Robert Ramirez,CU-10074,Deluxe Chairs A,Furniture,Central,2,19.98,-2.42,0
ORD-101665,10/07/2024,Mary Hernandez,CU-10188,Premium Copiers E,Technology,South,2,482.22,100.98,0.15
ORD-101666,05/22/2024,Emily Taylor,CU-10215,Deluxe Furnishings A,Furniture,Central,10,1586.44,-167.73,0.15
ORD-101667,05/15/2024,Mark Moore,CU-10019,Standard Machines E,Technology,East,3,594.09,123.72,0
ORD-101668,12/13/2024,Joshua Rodriguez,CU-10089,Premium Bookcases E,Furniture,South,3,1218.73,104.65,0.1
ORD-101669,11/06/2024,Steven Harris,CU-10041,Basic Laptops A,Technology,West,1,63.95,12.25,0
ORD-101670,11/16/2024,Linda Robinson,CU-10024,Premium Bookcases E,Furniture,East,2,733.49,-72.19,0.2
ORD-101671,09/26/2024,Emily Taylor,CU-10215,Premium Sofas F,Furniture,East,9,4881.24,59.23,0
ORD-101672,08/14/2024,Michelle Smith,CU-10160,Basic Art A,Office Supplies,Central,8,2975.62,195.38,0.2
ORD-101673,12/19/2024,John Thompson,CU-10206,Deluxe Monitors C,Technology,East,4,276.89,97.94,0.3
ORD-101674,10/08/2024,Richard Garcia,CU-10069,Basic Accessories F,Technology,East,5,1879.11,83.72,0.3
ORD-101675,12/31/2023,James Taylor,CU-10114,Compact Storage C,Office Supplies,East,4,209.09,75.34,0.2
ORD-101676,12/12/2024,Richard Garcia,CU-10069,Compact Bookcases B,Furniture,East,2,1143.44,90.72,0.15
ORD-101677,08/25/2023,John Brown,CU-10097,Professional Laptops D,Technology,West,8,4312.26,661.06,0.2
ORD-101678,11/18/2023,Richard Lewis,CU-10043,Premium Supplies F,Office Supplies,Central,8,2781.72,112.61,0.1
ORD-101679,01/23/2023,Susan Sanchez,CU-10095,Basic Labels C,Office Supplies,Central,9,6926.67,1318.9,0
ORD-101680,10/31/2023,Andrew Lee,CU-10217,Professional Supplies B,Office Supplies,South,1,48.02,7.69,0.3
ORD-101681,12/30/2023,Steven White,CU-10153,Professional Tables E,Furniture,West,1,248.24,8.11,0.2
ORD-101682,02/08/2023,Christopher Clark,CU-10099,Standard Furnishings B,Furniture,Central,12,1646.4,344.3,0.2
ORD-101683,04/14/2024,Christopher Jones,CU-10081,Premium Fasteners A,Office Supplies,South,5,548.63,54.29,0.15
ORD-101684,10/15/2024,Emily Anderson,CU-10163,Premium Supplies F,Office Supplies,Central,5,1894.45,246.33,0
ORD-101685,06/15/2023,Ashley Martin,CU-10116,Wireless Machines B,Technology,South,7,6103.44,842.7,0
ORD-101686,02/08/2023,Paul Brown,CU-10056,Basic Envelopes C,Office Supplies,East,2,1372.05,75.82,0.1
ORD-101687,04/25/2024,Charles Davis,CU-10191,Basic Labels C,Office Supplies,East,3,2310.93,762.37,0
ORD-101688,05/09/2023,Joshua Moore,CU-10022,Ergonomic Copiers D,Technology,South,8,430.53,109.46,0.3
ORD-101689,01/31/2024,John Lopez,CU-10162,Deluxe Art D,Office Supplies,West,6,3955.14,207.28,0
ORD-101690,05/13/2024,Mary Hernandez,CU-10188,Executive Monitors A,Technology,East,10,3556.62,190.53,0.1
ORD-101691,09/22/2023,Linda Robinson,CU-10024,Standard Furnishings F,Furniture,East,12,1341.12,158.66,0
ORD-101692,11/22/2024,Steven Harris,CU-10041,Basic Paper E,Office Supplies,Central,1,306.68,96.77,0
ORD-101693,06/12/2023,Thomas Martin,CU-10085,Eco Office Desks D,Furniture,South,1,224.83,-24.62,0.1
ORD-101694,12/04/2024,Patricia Hernandez,CU-10143,Eco Chairs E,Furniture,West,10,3732.9,839.73,0
ORD-101695,01/17/2024,Matthew Lee,CU-10072,Wireless Sofas C,Furniture,South,3,1243.91,190.99,0.3
ORD-101696,07/10/2024,Robert Moore,CU-10173,Wireless Art F,Office Supplies,Central,9,891.72,347.17,0.2
ORD-101697,12/30/2024,Karen Gonzalez,CU-10055,Standard Chairs C,Furniture,South,3,1719.09,300.54,0
ORD-101698,02/21/2024,Mary Williams,CU-10151,Basic Labels C,Office Supplies,South,10,6235.3,1221.27,0
ORD-101699,02/19/2023,Andrew Thompson,CU-10207,Deluxe Office Desks C,Furniture,Central,12,1901.4,-77.31,0
ORD-101700,09/13/2023,Paul Jones,CU-10118,Deluxe Chairs A,Furniture,East,11,3877.72,620.72,0
ORD-101701,07/07/2023,Ashley Martin,CU-10116,Basic Storage D,Office Supplies,East,7,4179.84,611,0
ORD-101702,05/30/2023,Joseph White,CU-10018,Compact Furnishings C,Furniture,South,5,1717.25,90.39,0.15
ORD-101703,06/19/2023,Andrew Thomas,CU-10047,Standard Accessories B,Technology,Central,12,2638.12,-40.09,0.1
ORD-101704,01/05/2024,Sarah Taylor,CU-10167,Deluxe Office Desks C,Furniture,East,7,5828.13,-222.51,0
ORD-101705,09/11/2023,Mark Moore,CU-10019,Deluxe Art D,Office Supplies,South,4,1394.29,154.64,0.3
ORD-101706,06/19/2023,Jennifer Williams,CU-10113,Premium Accessories D,Technology,South,10,2759.2,575.95,0
ORD-101707,06/15/2023,Michelle Smith,CU-10160,Executive Copiers B,Technology,West,7,2590.28,387.92,0
ORD-101708,09/19/2024,Susan Sanchez,CU-10095,Deluxe Office Desks C,Furniture,West,3,2027.46,317.07,0.1
ORD-101709,04/27/2024,Michael Davis,CU-10175,Basic Envelopes B,Office Supplies,West,12,3886.75,828.94,0.2
ORD-101710,04/29/2023,Nancy Smith,CU-10002,Premium Chairs F,Furniture,East,6,1459.63,210.25,0.2
ORD-101711,04/24/2023,Steven White,CU-10153,Deluxe Furnishings A,Furniture,East,4,2909.64,-80.78,0
ORD-101712,09/24/2024,Donald Martinez,CU-10104,Basic Art A,Office Supplies,West,4,804.92,64.69,0.15
ORD-101713,08/15/2023,Christopher Jones,CU-10081,Basic Paper D,Office Supplies,South,12,326.5,20.56,0.15
ORD-101714,08/12/2023,Ashley Clark,CU-10027,Eco Envelopes A,Office Supplies,South,12,8876.16,1153.12,0
ORD-101715,02/16/2024,Donald Martinez,CU-10102,Compact Fasteners D,Office Supplies,Central,7,2951.91,695.77,0.3
ORD-101716,05/07/2023,Ashley Davis,CU-10108,Standard Binders B,Office Supplies,East,2,614.66,128.36,0
ORD-101717,03/07/2023,Andrew Moore,CU-10001,Professional Labels F,Office Supplies,Central,11,1197.46,125.87,0
ORD-101718,02/27/2023,Donald Taylor,CU-10009,Premium Binders A,Office Supplies,Central,5,2249.25,418.88,0
ORD-101719,06/06/2024,Anthony Sanchez,CU-10091,Deluxe Chairs A,Furniture,West,1,587.19,38.41,0.2
ORD-101720,09/01/2024,Michael Harris,CU-10172,Premium Sofas D,Furniture,South,5,1825.84,-91.55,0.2
ORD-101721,09/27/2024,Nancy Martin,CU-10216,Executive Furnishings D,Furniture,East,8,5766.94,917.6,0.15
ORD-101722,04/10/2023,Barbara Garcia,CU-10078,Eco Phones E,Technology,Central,8,5647.12,1541.17,0
ORD-101723,02/07/2024,Karen Perez,CU-10057,Standard Machines E,Technology,South,4,1062.77,223.19,0.3
ORD-101724,01/06/2023,Christopher Lee,CU-10060,Executive Paper C,Office Supplies,Central,6,3442.11,893.1,0.3
ORD-101725,07/10/2023,David Gonzalez,CU-10159,Ergonomic Phones C,Technology,East,7,3705.12,1086.93,0.15
ORD-101726,09/12/2023,Paul Brown,CU-10056,Basic Accessories F,Technology,East,2,29.24,7.23,0
ORD-101727,11/29/2023,Sarah Jackson,CU-10033,Deluxe Fasteners C,Office Supplies,South,7,830.56,78.62,0.15
ORD-101728,11/26/2023,Sarah Taylor,CU-10167,Professional Supplies B,Office Supplies,East,8,3498.88,323.6,0.3
ORD-101729,07/27/2024,Richard Brown,CU-10155,Standard Labels A,Office Supplies,East,7,3976.15,235.76,0.3
ORD-101730,03/23/2024,Lisa Hernandez,CU-10140,Professional Sofas E,Furniture,West,12,6220.8,531.01,0
ORD-101731,07/27/2023,Sandra Ramirez,CU-10134,Deluxe Furnishings A,Furniture,Central,2,221.02,0.57,0.1
ORD-101732,06/29/2024,Betty Brown,CU-10071,Ergonomic Labels D,Office Supplies,West,5,610.35,124.24,0
ORD-101733,05/02/2024,Kimberly Miller,CU-10142,Ergonomic Phones F,Technology,South,8,5731.84,1830.27,0.2
ORD-101734,12/13/2024,Donald Martinez,CU-10102,Deluxe Monitors B,Technology,West,5,4029.75,529.03,0.1
ORD-101735,04/12/2024,Sandra Rodriguez,CU-10021,Ergonomic Accessories C,Technology,West,7,1896.02,-30.87,0
ORD-101736,12/20/2024,John Moore,CU-10031,Executive Storage F,Office Supplies,South,8,488.4,156.61,0
ORD-101737,09/20/2023,Sandra Ramirez,CU-10134,Wireless Supplies D,Office Supplies,Central,2,1294.65,451.32,0.15
ORD-101738,10/10/2023,Donald Williams,CU-10006,Ergonomic Storage E,Office Supplies,South,9,4504.17,1426.28,0.1
ORD-101739,10/11/2024,Steven Robinson,CU-10186,Professional Tables D,Furniture,East,7,3561.17,110.03,0.3
ORD-101740,09/21/2023,Sandra Robinson,CU-10030,Premium Fasteners E,Office Supplies,Central,8,6133.12,1756.68,0
ORD-101741,11/01/2023,Jennifer Harris,CU-10161,Compact Monitors F,Technology,East,12,718.2,244.86,0
ORD-101742,12/21/2024,Susan Lopez,CU-10012,Eco Envelopes F,Office Supplies,Central,2,921.04,96.98,0.15
ORD-101743,04/02/2024,Sarah Jackson,CU-10033,Executive Furnishings D,Furniture,Central,10,1312.71,-146.66,0.3
ORD-101744,10/28/2024,Joseph Davis,CU-10003,Eco Paper B,Office Supplies,South,8,1095.76,434.76,0
ORD-101745,07/11/2024,Karen Johnson,CU-10110,Ergonomic Machines A,Technology,Central,4,2349.31,807.07,0.3
ORD-101746,11/27/2024,Andrew Lee,CU-10217,Standard Binders B,Office Supplies,South,4,2925.44,771.09,0
ORD-101747,02/14/2023,Charles Smith,CU-10112,Wireless Machines B,Technology,East,2,231,33.19,0.3
ORD-101748,06/21/2023,Joshua Rodriguez,CU-10089,Professional Laptops D,Technology,West,7,3144.61,931.61,0
ORD-101749,08/09/2023,Emily White,CU-10149,Basic Fasteners F,Office Supplies,Central,2,838.01,254.49,0.1
ORD-101750,12/24/2024,James Taylor,CU-10020,Executive Monitors E,Technology,East,4,863.89,21.67,0.1
ORD-101751,02/08/2024,Elizabeth Martinez,CU-10122,Wireless Machines C,Technology,East,11,3505.5,183.01,0.15
ORD-101752,01/31/2023,Margaret Thomas,CU-10203,Basic Envelopes B,Office Supplies,South,7,1785.85,587.51,0.3
ORD-101753,09/15/2023,Sandra Thomas,CU-10042,Eco Fasteners B,Office Supplies,West,7,3273.2,902.25,0
ORD-101754,10/17/2023,Karen Clark,CU-10103,Deluxe Labels B,Office Supplies,Central,2,55.36,6.75,0
ORD-101755,11/28/2023,Linda Smith,CU-10139,Compact Furnishings C,Furniture,West,9,5549.22,325.95,0
ORD-101756,06/20/2024,Steven Lewis,CU-10015,Compact Furnishings C,Furniture,East,9,2642.95,655.85,0.1
ORD-101757,07/19/2024,Jennifer Lee,CU-10065,Deluxe Accessories A,Technology,West,7,3497.2,482.95,0
ORD-101758,06/05/2024,Joshua Moore,CU-10022,Deluxe Fasteners C,Office Supplies,West,1,569.38,112.4,0.3
ORD-101759,03/21/2024,Donna Garcia,CU-10185,Basic Envelopes C,Office Supplies,Central,8,1331.68,261.46,0
ORD-101760,01/05/2024,Joshua Rodriguez,CU-10089,Executive Copiers B,Technology,East,6,3717.7,384.02,0.15
ORD-101761,10/08/2024,Ashley Clark,CU-10027,Standard Accessories B,Technology,Central,10,2835.3,516.68,0
ORD-101762,07/14/2024,Michelle Ramirez,CU-10028,Standard Accessories B,Technology,South,1,357.13,48.35,0
ORD-101763,07/08/2024,Mary Hernandez,CU-10188,Deluxe Labels B,Office Supplies,South,9,5875.05,256.56,0.15
ORD-101764,11/16/2023,Karen Gonzalez,CU-10055,Executive Copiers B,Technology,South,4,1861.88,122.77,0.1
ORD-101765,02/03/2023,Linda Lewis,CU-10141,Executive Monitors A,Technology,East,2,440.1,20.86,0
ORD-101766,03/04/2024,Charles Garcia,CU-10147,Professional Paper F,Office Supplies,West,3,2277.28,80.6,0.15
ORD-101767,01/16/2023,Richard Brown,CU-10155,Professional Labels F,Office Supplies,Central,9,3727.71,246.42,0
ORD-101768,02/09/2023,Donald Thompson,CU-10219,Deluxe Office Desks C,Furniture,West,12,1678.32,-82.38,0
ORD-101769,10/22/2024,Linda Jackson,CU-10180,Deluxe Monitors C,Technology,West,5,3566.79,84.19,0.1
ORD-101770,04/29/2024,Robert Moore,CU-10173,Deluxe Monitors C,Technology,Central,1,819.44,240.64,0
ORD-101771,07/06/2024,Joshua Rodriguez,CU-10089,Deluxe Tables A,Furniture,South,6,4016.34,-314.27,0
ORD-101772,07/15/2023,Jennifer Harris,CU-10161,Professional Tables D,Furniture,East,3,1559.71,-142.96,0.3
ORD-101773,02/17/2023,Lisa Johnson,CU-10007,Premium Sofas D,Furniture,Central,4,1329.83,128.86,0.3
ORD-101774,12/19/2023,David Brown,CU-10086,Deluxe Monitors C,Technology,East,12,2154.49,724.77,0.1
ORD-101775,03/02/2024,John Johnson,CU-10138,Executive Monitors A,Technology,South,6,3257.86,550.37,0.3
ORD-101776,04/19/2024,Linda Johnson,CU-10211,Deluxe Monitors C,Technology,South,6,3760.74,1056.87,0
ORD-101777,12/24/2024,Donald Martinez,CU-10084,Standard Labels A,Office Supplies,South,9,3497.31,233.53,0
ORD-101778,12/02/2024,Patricia Ramirez,CU-10034,Premium Bookcases E,Furniture,West,1,20.88,2.74,0.1
ORD-101779,07/22/2024,Andrew Thomas,CU-10047,Executive Office Desks B,Furniture,West,7,6256.81,-893.71,0
ORD-101780,01/20/2024,Richard Anderson,CU-10204,Premium Tables B,Furniture,West,6,3051.54,2.99,0.1
ORD-101781,07/09/2024,Mary Williams,CU-10151,Premium Fasteners E,Office Supplies,East,7,5976.11,1043.39,0
ORD-101782,12/05/2024,Paul Hernandez,CU-10127,Deluxe Accessories A,Technology,Central,8,4928.58,694.4,0.2
ORD-101783,08/12/2024,Thomas Perez,CU-10058,Professional Art B,Office Supplies,East,1,770.96,56.04,0
ORD-101784,05/17/2024,James Perez,CU-10201,Basic Office Desks E,Furniture,South,2,1210.28,257.87,0
ORD-101785,07/08/2023,John Brown,CU-10097,Basic Envelopes B,Office Supplies,West,6,858.54,252.97,0
ORD-101786,05/25/2023,John Johnson,CU-10138,Standard Copiers A,Technology,Central,5,3374.9,572.16,0
ORD-101787,05/11/2024,Sandra Thomas,CU-10014,Eco Envelopes A,Office Supplies,East,9,591.04,194.92,0.15
ORD-101788,06/23/2024,Donald Martinez,CU-10102,Deluxe Accessories A,Technology,South,2,1291.88,216.71,0
ORD-101789,04/01/2024,Richard Lewis,CU-10043,Basic Office Desks E,Furniture,Central,12,4865.5,-611.65,0.15
ORD-101790,10/12/2023,Donna Garcia,CU-10185,Deluxe Office Desks C,Furniture,South,3,2626.8,120.72,0
ORD-101791,01/24/2023,Christopher Jones,CU-10029,Wireless Machines B,Technology,South,5,745.32,133.69,0.15
ORD-101792,07/24/2024,Andrew Moore,CU-10117,Deluxe Office Desks A,Furniture,Central,8,5367.36,-494.5,0
ORD-101793,07/03/2024,Lisa Clark,CU-10205,Deluxe Office Desks A,Furniture,Central,10,7005.6,1408.55,0
ORD-101794,11/17/2024,Thomas Rodriguez,CU-10170,Executive Monitors A,Technology,South,6,1942.54,472.59,0.15
ORD-101795,07/15/2024,Charles Smith,CU-10112,Ergonomic Phones F,Technology,Central,4,1756.66,368.6,0.1
ORD-101796,01/21/2024,Nancy Smith,CU-10002,Standard Copiers A,Technology,Central,11,185.68,65.55,0
ORD-101797,04/19/2023,Donald Taylor,CU-10009,Professional Supplies B,Office Supplies,South,8,3296.32,571.17,0
ORD-101798,08/01/2023,Steven Lewis,CU-10015,Ergonomic Copiers D,Technology,South,2,1146.18,253.71,0
ORD-101799,10/16/2024,John Moore,CU-10031,Standard Furnishings F,Furniture,East,7,5095.06,-441.43,0.1
ORD-101800,10/26/2024,Kimberly Rodriguez,CU-10136,Professional Phones A,Technology,Central,12,4083,383.55,0
ORD-101801,05/28/2024,Susan Johnson,CU-10157,Executive Monitors A,Technology,South,10,1012.2,151.09,0.3
ORD-101802,01/29/2023,Donald Jones,CU-10199,Executive Laptops C,Technology,Central,3,1408.08,529.07,0
ORD-101803,12/27/2023,Donna Thompson,CU-10037,Eco Phones E,Technology,Central,6,2151.6,732.77,0
ORD-101804,05/30/2024,Mary Martin,CU-10190,Premium Sofas D,Furniture,Central,7,845.71,-60.5,0.2
ORD-101805,03/18/2024,Steven Thompson,CU-10079,Premium Fasteners A,Office Supplies,West,4,1060.45,65.41,0.2
ORD-101806,05/29/2023,Charles Garcia,CU-10147,Eco Office Desks D,Furniture,West,6,3656.77,691.2,0.1
ORD-101807,07/05/2024,Emily Gonzalez,CU-10214,Ergonomic Binders E,Office Supplies,South,9,4984.02,283.8,0
ORD-101808,05/24/2023,Charles Garcia,CU-10147,Executive Office Desks B,Furniture,South,6,1041.78,183.56,0
ORD-101809,06/21/2024,Robert Clark,CU-10123,Professional Supplies B,Office Supplies,Central,6,1895.33,196.49,0.2
ORD-101810,10/21/2024,James Taylor,CU-10020,Deluxe Monitors C,Technology,Central,2,183.84,54.74,0
ORD-101811,07/17/2023,Lisa Johnson,CU-10007,Premium Accessories D,Technology,East,10,2738.05,401.11,0.3
ORD-101812,01/02/2023,Anthony Garcia,CU-10146,Standard Chairs C,Furniture,Central,1,350.12,19.13,0.2
ORD-101813,10/17/2023,Sarah White,CU-10193,Executive Monitors A,Technology,West,10,7109.91,2670.52,0.1
ORD-101814,11/21/2024,Charles Rodriguez,CU-10032,Eco Phones E,Technology,West,3,1179.12,318.67,0
ORD-101815,06/30/2024,Michelle Smith,CU-10160,Eco Office Desks D,Furniture,Central,7,2747.89,336.73,0.15
ORD-101816,09/11/2024,Sarah Davis,CU-10192,Basic Art A,Office Supplies,East,4,1537.92,623.52,0.15
ORD-101817,07/11/2023,Matthew Johnson,CU-10171,Ergonomic Copiers D,Technology,East,9,5961.96,1665.66,0.2
ORD-101818,08/14/2023,Mary Williams,CU-10151,Premium Tables B,Furniture,South,5,1047.55,19.05,0
ORD-101819,08/16/2023,James Taylor,CU-10020,Professional Copiers C,Technology,South,1,513.39,170.27,0.2
ORD-101820,08/16/2024,Charles Smith,CU-10112,Standard Furnishings B,Furniture,South,6,5179.32,8.05,0
ORD-101821,06/09/2023,Charles Lee,CU-10202,Wireless Supplies D,Office Supplies,Central,4,3253.04,1173.37,0
ORD-101822,03/25/2024,Sandra Robinson,CU-10030,Executive Machines D,Technology,East,11,5349.34,1913.23,0.2
ORD-101823,09/16/2023,Donna Thompson,CU-10037,Eco Chairs E,Furniture,West,9,7143.15,1444.01,0.1
ORD-101824,01/15/2024,Betty Brown,CU-10071,Compact Storage B,Office Supplies,West,8,2405.09,999.52,0.15
ORD-101825,02/01/2023,Sandra Ramirez,CU-10017,Basic Paper D,Office Supplies,Central,9,5484.51,1236.26,0.1
ORD-101826,12/19/2023,Richard Garcia,CU-10069,Premium Copiers E,Technology,Central,6,4445.64,374.78,0
ORD-101827,11/12/2023,Robert Lewis,CU-10177,Deluxe Tables A,Furniture,South,11,7023.06,739.79,0
ORD-101828,03/16/2024,Donna Garcia,CU-10185,Basic Envelopes C,Office Supplies,West,4,3549.48,981.25,0
ORD-101829,01/01/2023,Steven Martinez,CU-10194,Wireless Chairs B,Furniture,West,7,1252.59,-84.2,0.15
ORD-101830,11/22/2024,Sandra Rodriguez,CU-10021,Deluxe Accessories A,Technology,West,11,4309.23,567.86,0.3
ORD-101831,05/22/2024,Linda Lopez,CU-10164,Standard Copiers A,Technology,West,12,3619.64,84.02,0.3
ORD-101832,05/13/2023,Steven Martinez,CU-10050,Basic Laptops A,Technology,West,6,2058.78,208.08,0
ORD-101833,08/07/2024,Anthony Johnson,CU-10093,Professional Laptops D,Technology,West,11,4082.69,1218.18,0.3
ORD-101834,04/27/2024,Donald Smith,CU-10154,Basic Envelopes B,Office Supplies,East,4,1825.9,723.76,0.15
ORD-101835,01/24/2024,John Lopez,CU-10096,Standard Machines E,Technology,Central,11,5904.14,1906.29,0
ORD-101836,12/20/2024,Andrew Moore,CU-10001,Standard Accessories B,Technology,Central,12,5145.29,1697.58,0.15
ORD-101837,03/01/2023,Ashley Robinson,CU-10166,Deluxe Accessories A,Technology,Central,8,5076.22,1296.83,0.1
ORD-101838,07/08/2023,Michael Harris,CU-10172,Ergonomic Accessories E,Technology,West,4,1948.04,299.16,0.3
ORD-101839,07/27/2024,Sandra Ramirez,CU-10134,Deluxe Office Desks A,Furniture,South,11,7343.58,1551.87,0.15
ORD-101840,01/08/2024,Donna Garcia,CU-10185,Wireless Sofas C,Furniture,South,8,3253.95,245.8,0.2
ORD-101841,01/30/2024,Joshua Rodriguez,CU-10089,Premium Laptops F,Technology,South,12,2242.94,606.13,0.1
ORD-101842,11/18/2024,Emily Anderson,CU-10070,Ergonomic Copiers D,Technology,West,6,1001.46,113.11,0
ORD-101843,11/08/2023,Mark Ramirez,CU-10098,Ergonomic Copiers D,Technology,East,2,427.21,135.7,0.15
ORD-101844,07/20/2023,Charles Rodriguez,CU-10032,Compact Fasteners D,Office Supplies,Central,12,8010.34,2523.14,0.2
ORD-101845,11/09/2023,Linda Jackson,CU-10180,Ergonomic Art E,Office Supplies,South,9,1090.71,381.21,0
ORD-101846,06/18/2023,Mary Williams,CU-10151,Standard Tables C,Furniture,East,6,397.06,-25.7,0.2
ORD-101847,05/20/2024,Lisa Johnson,CU-10007,Wireless Binders F,Office Supplies,East,5,3745.95,472.12,0
ORD-101848,06/15/2023,Ashley Martin,CU-10116,Professional Bookcases A,Furniture,West,12,3402.62,-180.54,0.2
ORD-101849,12/14/2024,Patricia Ramirez,CU-10034,Basic Labels C,Office Supplies,East,7,5011.21,353.75,0.1
ORD-101850,06/15/2023,Karen Perez,CU-10057,Standard Furnishings B,Furniture,South,10,2485.17,488.52,0.1
ORD-101851,06/18/2024,Steven Thompson,CU-10079,Professional Tables F,Furniture,East,2,558.25,-75.9,0.15
ORD-101852,12/25/2024,Charles Lewis,CU-10062,Basic Chairs D,Furniture,Central,1,465.55,34.36,0
ORD-101853,06/14/2024,James Taylor,CU-10114,Premium Binders A,Office Supplies,East,11,2517.24,592.11,0.2
ORD-101854,11/09/2024,Lisa Martin,CU-10178,Standard Storage A,Office Supplies,Central,9,4111.65,822.05,0
ORD-101855,03/16/2024,Andrew Thompson,CU-10207,Basic Bookcases C,Furniture,Central,12,458.03,-4.12,0.1
ORD-101856,10/05/2023,Joshua Anderson,CU-10049,Eco Paper B,Office Supplies,Central,3,320.46,21.46,0.15
ORD-101857,01/09/2023,Joseph Martinez,CU-10051,Basic Art A,Office Supplies,South,9,3190.13,484.89,0.15
ORD-101858,08/13/2024,Andrew Sanchez,CU-10128,Compact Bookcases B,Furniture,South,11,1671.45,249,0
ORD-101859,08/31/2023,Michelle Taylor,CU-10088,Standard Accessories B,Technology,West,5,1828.68,-1.27,0.3
ORD-101860,05/17/2024,Betty Sanchez,CU-10026,Standard Machines E,Technology,West,11,6602.02,1454.05,0.2
ORD-101861,02/10/2023,John Johnson,CU-10138,Professional Laptops D,Technology,Central,7,782.32,5.44,0
ORD-101862,06/16/2024,Donald Taylor,CU-10212,Executive Storage F,Office Supplies,South,10,4418.96,916.27,0.2
ORD-101863,01/13/2023,James Taylor,CU-10114,Premium Supplies F,Office Supplies,Central,10,3214.96,1259.2,0.2
ORD-101864,07/01/2023,Emily Anderson,CU-10163,Basic Laptops A,Technology,Central,1,490.55,120.42,0
ORD-101865,09/25/2024,Lisa Clark,CU-10205,Wireless Machines C,Technology,Central,1,41.83,4.6,0.2
ORD-101866,12/21/2024,Sarah Jackson,CU-10033,Executive Paper C,Office Supplies,South,9,4217.69,541.19,0.2
ORD-101867,05/14/2023,Mark Miller,CU-10129,Deluxe Fasteners C,Office Supplies,Central,12,5861.04,1670.15,0
ORD-101868,04/27/2023,Linda Johnson,CU-10211,Basic Paper D,Office Supplies,East,3,94.45,17.68,0.1
ORD-101869,09/21/2024,Paul Miller,CU-10105,Wireless Monitors D,Technology,West,5,3358.04,630.56,0.1
ORD-101870,06/20/2023,Emily Anderson,CU-10070,Deluxe Art D,Office Supplies,East,10,6897.52,1639.71,0.2
ORD-101871,06/10/2024,Donna Garcia,CU-10185,Professional Copiers F,Technology,South,3,716.88,-9.6,0
ORD-101872,02/18/2023,Paul Miller,CU-10105,Deluxe Labels E,Office Supplies,South,6,239.88,77.53,0
ORD-101873,11/29/2023,Barbara Gonzalez,CU-10064,Professional Bookcases A,Furniture,East,1,474.74,67.47,0.2
ORD-101874,06/22/2024,Donna Garcia,CU-10185,Professional Phones A,Technology,East,8,4476.51,886.05,0.15
ORD-101875,04/13/2023,Ashley Clark,CU-10196,Wireless Phones D,Technology,East,6,824.63,171.62,0.1
ORD-101876,07/15/2024,Betty Sanchez,CU-10026,Eco Office Desks D,Furniture,South,7,2943.57,-419.35,0
ORD-101877,12/27/2024,Anthony Sanchez,CU-10046,Executive Supplies E,Office Supplies,South,9,3936.6,548.06,0.2
ORD-101878,07/04/2024,Steven Martinez,CU-10194,Standard Accessories B,Technology,South,10,2593.71,46.8,0.1
ORD-101879,06/30/2023,Linda Lewis,CU-10141,Premium Tables B,Furniture,West,8,2051.2,438.05,0.2
ORD-101880,04/28/2023,Donald Thompson,CU-10219,Compact Storage C,Office Supplies,Central,10,4562.46,1699.36,0.3
ORD-101881,10/09/2024,Andrew Thompson,CU-10207,Basic Office Desks E,Furniture,South,10,4148.76,380.29,0.3
ORD-101882,06/23/2023,Emily Gonzalez,CU-10214,Ergonomic Binders E,Office Supplies,East,2,521.54,144.65,0
ORD-101883,11/02/2023,Sarah White,CU-10193,Ergonomic Machines A,Technology,Central,12,9772.8,3170.99,0
ORD-101884,02/27/2024,Richard Garcia,CU-10069,Basic Chairs D,Furniture,Central,6,1481.4,-139.88,0
ORD-101885,04/07/2023,Kimberly Martinez,CU-10068,Compact Supplies C,Office Supplies,West,8,423.98,68.11,0.15
ORD-101886,02/24/2024,David Brown,CU-10086,Executive Furnishings D,Furniture,South,10,3351.8,466.66,0
ORD-101887,02/23/2024,John Clark,CU-10120,Deluxe Fasteners C,Office Supplies,West,9,4441.86,802.67,0
ORD-101888,09/16/2024,Daniel Taylor,CU-10044,Premium Bookcases E,Furniture,East,11,3549.45,869.95,0.1
ORD-101889,09/24/2023,Michelle Taylor,CU-10088,Executive Supplies E,Office Supplies,East,8,1721.66,545.24,0.1
ORD-101890,10/26/2023,Charles Lee,CU-10202,Executive Supplies A,Office Supplies,Central,5,2353.7,672.49,0
ORD-101891,08/09/2023,Daniel Taylor,CU-10044,Eco Fasteners B,Office Supplies,Central,8,1244.32,335.51,0.3
ORD-101892,04/01/2023,Donald Thompson,CU-10219,Premium Supplies F,Office Supplies,East,8,6409.73,307.97,0.1
ORD-101893,02/19/2024,Paul Jones,CU-10118,Deluxe Office Desks A,Furniture,South,3,56.34,6.53,0
ORD-101894,08/30/2024,Jennifer Harris,CU-10161,Executive Laptops E,Technology,South,6,4316.54,1542.64,0.2
ORD-101895,10/29/2024,Patricia Brown,CU-10208,Premium Accessories D,Technology,East,8,1182.08,314.79,0
ORD-101896,04/05/2023,Matthew Lee,CU-10072,Compact Furnishings C,Furniture,South,1,100.23,15.8,0
ORD-101897,05/08/2023,David Martin,CU-10067,Executive Furnishings D,Furniture,West,6,2586.53,440.74,0.2
ORD-101898,07/19/2023,Ashley Clark,CU-10196,Premium Bookcases E,Furniture,West,7,805.14,55.87,0
ORD-101899,12/14/2024,Michelle Ramirez,CU-10028,Executive Monitors A,Technology,South,2,1010.06,78.09,0
ORD-101900,10/30/2024,Ashley Robinson,CU-10166,Standard Chairs C,Furniture,East,7,4772.63,-554.38,0.1
ORD-101901,08/31/2024,Donna Garcia,CU-10185,Eco Envelopes A,Office Supplies,Central,4,2830.72,1183.28,0.2
ORD-101902,07/31/2024,Donald Martinez,CU-10104,Standard Storage A,Office Supplies,South,7,4742.92,1760.54,0
ORD-101903,05/31/2023,Robert Harris,CU-10045,Eco Chairs E,Furniture,South,1,298.06,70.61,0.3
ORD-101904,04/04/2023,Donald Martinez,CU-10104,Wireless Paper A,Office Supplies,Central,5,1385.87,302.61,0.1
ORD-101905,07/26/2023,Andrew Lee,CU-10217,Standard Laptops B,Technology,East,7,291.11,20.34,0.3
ORD-101906,09/11/2024,John Lopez,CU-10162,Ergonomic Phones F,Technology,West,7,5877.06,-35.85,0
ORD-101907,10/30/2023,Matthew Miller,CU-10135,Executive Laptops E,Technology,East,11,6971.71,840.84,0.2
ORD-101908,03/02/2023,Joshua Martinez,CU-10011,Professional Labels F,Office Supplies,South,5,3525.8,1187.37,0
ORD-101909,12/26/2023,Andrew Anderson,CU-10124,Standard Accessories B,Technology,South,5,2478.2,271.04,0
ORD-101910,07/11/2023,Karen Clark,CU-10103,Basic Chairs D,Furniture,South,7,1436.39,-185.12,0.3
ORD-101911,09/07/2024,Barbara White,CU-10054,Compact Furnishings C,Furniture,West,11,9251.99,2168.7,0
ORD-101912,12/05/2023,Steven Thompson,CU-10079,Executive Furnishings D,Furniture,East,1,522.47,-11.86,0.3
ORD-101913,10/13/2024,Nancy Smith,CU-10002,Basic Labels C,Office Supplies,South,11,2800.51,699.18,0.1
ORD-101914,04/22/2023,Anthony Garcia,CU-10146,Wireless Machines B,Technology,South,5,639.4,32.52,0
ORD-101915,08/15/2023,Kimberly Miller,CU-10083,Basic Envelopes C,Office Supplies,Central,1,118.88,33.89,0
ORD-101916,07/21/2024,Emily White,CU-10149,Compact Bookcases B,Furniture,East,5,386.32,-17.16,0.15
ORD-101917,08/04/2023,Robert Ramirez,CU-10074,Ergonomic Copiers D,Technology,West,9,1278.27,396.79,0
ORD-101918,10/15/2024,Betty Brown,CU-10071,Ergonomic Phones F,Technology,Central,2,865.76,110.93,0.1
ORD-101919,11/25/2024,Linda Johnson,CU-10211,Wireless Paper A,Office Supplies,South,11,6065.66,536.69,0.2
ORD-101920,02/08/2023,Karen Thomas,CU-10144,Eco Envelopes A,Office Supplies,South,6,1066.92,199.29,0.15
ORD-101921,11/25/2023,Richard Williams,CU-10198,Professional Copiers C,Technology,South,9,2683.62,86.88,0.15
ORD-101922,05/01/2023,Christopher Garcia,CU-10165,Eco Envelopes A,Office Supplies,East,3,1457.67,244.19,0.3
ORD-101923,07/06/2024,Emily Taylor,CU-10215,Basic Paper E,Office Supplies,Central,6,4311.74,209.42,0.15
ORD-101924,10/07/2024,Michelle Wilson,CU-10111,Wireless Paper A,Office Supplies,East,8,3993.19,323.94,0.1
ORD-101925,01/12/2024,Andrew Thomas,CU-10047,Standard Chairs C,Furniture,South,5,2611.48,41.46,0.2
ORD-101926,04/29/2023,James Taylor,CU-10020,Standard Binders B,Office Supplies,South,11,5564.35,481.16,0
ORD-101927,02/19/2023,Paul Jones,CU-10118,Ergonomic Copiers D,Technology,Central,3,198.18,48.05,0.3
ORD-101928,05/26/2024,Donald Taylor,CU-10009,Basic Envelopes C,Office Supplies,South,5,55.15,7.99,0
ORD-101929,10/21/2023,Christopher Martin,CU-10076,Ergonomic Storage E,Office Supplies,Central,2,1232.92,315.04,0
ORD-101930,03/17/2024,Daniel Taylor,CU-10044,Deluxe Monitors B,Technology,South,6,112.08,14.24,0
ORD-101931,04/13/2024,Lisa Martin,CU-10178,Basic Art A,Office Supplies,East,5,3105.22,1186.56,0.15
ORD-101932,04/12/2024,Anthony Brown,CU-10213,Ergonomic Phones F,Technology,East,9,5708.61,978.7,0
ORD-101933,06/23/2024,Andrew Miller,CU-10174,Compact Monitors F,Technology,West,3,1422.9,116.35,0.1
ORD-101934,12/20/2024,Margaret Lewis,CU-10181,Standard Accessories B,Technology,Central,10,6882.24,1564.24,0.2
ORD-101935,06/22/2023,Kimberly Miller,CU-10142,Premium Tables B,Furniture,East,1,267.63,-15.69,0
ORD-101936,05/12/2024,Matthew Johnson,CU-10171,Eco Fasteners B,Office Supplies,Central,5,3308.16,1021.3,0.2
ORD-101937,09/28/2024,Emily White,CU-10149,Wireless Phones D,Technology,East,9,5557.88,1385.82,0.15
ORD-101938,03/02/2023,Emily Anderson,CU-10070,Wireless Phones D,Technology,East,12,6753.93,41.82,0.15
ORD-101939,09/07/2023,Donald Martinez,CU-10104,Premium Accessories D,Technology,South,10,1558.64,196.39,0.15
ORD-101940,12/21/2024,Margaret Lee,CU-10169,Deluxe Bookcases D,Furniture,Central,10,3339.28,-114.77,0.2
ORD-101941,06/18/2024,Ashley Rodriguez,CU-10137,Basic Art A,Office Supplies,South,12,1029,257.79,0
ORD-101942,06/01/2024,Sandra Ramirez,CU-10134,Executive Paper C,Office Supplies,Central,3,209.22,49.7,0
ORD-101943,02/28/2023,Susan White,CU-10082,Deluxe Tables A,Furniture,East,8,2408.88,-343.99,0
ORD-101944,01/03/2024,Betty Robinson,CU-10092,Compact Storage B,Office Supplies,Central,4,54.57,22.62,0.15
ORD-101945,10/15/2023,Charles Garcia,CU-10147,Deluxe Art D,Office Supplies,Central,10,3211.25,1293.71,0.3
ORD-101946,04/17/2024,Donald Martinez,CU-10084,Premium Sofas F,Furniture,South,11,6552.48,775.03,0.15
ORD-101947,08/13/2024,Ashley Clark,CU-10196,Wireless Art F,Office Supplies,South,5,3235.2,950.23,0.2
ORD-101948,02/22/2023,Ashley Davis,CU-10108,Wireless Paper A,Office Supplies,Central,4,2319.48,123.11,0
ORD-101949,09/20/2023,James Taylor,CU-10114,Basic Office Desks F,Furniture,Central,8,4768.92,65.73,0.1
ORD-101950,05/14/2023,Joseph Davis,CU-10003,Deluxe Tables A,Furniture,South,5,3854.25,607.02,0
ORD-101951,01/04/2024,John Thompson,CU-10206,Compact Storage B,Office Supplies,Central,6,467.16,159.45,0
ORD-101952,05/17/2024,Ashley Rodriguez,CU-10137,Wireless Monitors D,Technology,East,10,4350.88,536.42,0.2
ORD-101953,08/05/2023,Charles Rodriguez,CU-10032,Deluxe Bookcases D,Furniture,Central,2,675.94,94.03,0
ORD-101954,03/31/2023,Thomas Martin,CU-10085,Compact Storage B,Office Supplies,South,9,4044.78,134.76,0
ORD-101955,07/21/2024,Donald Martinez,CU-10104,Premium Sofas D,Furniture,South,2,1141.64,208.25,0
ORD-101956,11/23/2023,Karen Thomas,CU-10144,Premium Sofas D,Furniture,East,8,491.62,-70.3,0.3
ORD-101957,02/28/2023,John Thompson,CU-10206,Standard Copiers A,Technology,South,9,3876.5,102.59,0.1
ORD-101958,05/12/2024,Daniel Taylor,CU-10044,Compact Supplies C,Office Supplies,East,5,3938.85,650.2,0.1
ORD-101959,03/18/2024,Sandra Lopez,CU-10150,Deluxe Art D,Office Supplies,Central,12,7658.39,771.16,0.1
ORD-101960,01/17/2024,Joshua Jackson,CU-10168,Ergonomic Furnishings E,Furniture,East,1,519.58,95.33,0
ORD-101961,05/13/2024,Lisa Martin,CU-10178,Basic Paper E,Office Supplies,West,11,6171.47,1037.83,0.15
ORD-101962,02/02/2023,David Gonzalez,CU-10159,Executive Machines D,Technology,South,3,1569.42,433.86,0
ORD-101963,12/25/2024,Charles Rodriguez,CU-10032,Ergonomic Phones C,Technology,South,10,7549.5,2339.5,0
ORD-101964,03/26/2024,Anthony Martinez,CU-10023,Deluxe Bookcases D,Furniture,South,9,505.08,111.68,0
ORD-101965,02/27/2024,Donna Garcia,CU-10185,Wireless Machines B,Technology,Central,3,537.64,174.7,0.3
ORD-101966,10/20/2023,Christopher Garcia,CU-10165,Standard Storage A,Office Supplies,South,12,2662.21,1059.98,0.3
ORD-101967,01/07/2024,Robert Ramirez,CU-10074,Deluxe Accessories A,Technology,West,2,787.28,231.32,0
ORD-101968,10/05/2023,Paul Thomas,CU-10090,Basic Bookcases C,Furniture,Central,9,7935.93,829.02,0
ORD-101969,02/01/2023,Steven Harris,CU-10041,Executive Monitors A,Technology,Central,1,689.34,242.95,0
ORD-101970,06/18/2024,Donald Martinez,CU-10102,Basic Paper E,Office Supplies,West,6,818.29,132.11,0.15
ORD-101971,05/20/2023,Susan Johnson,CU-10157,Standard Binders C,Office Supplies,South,12,6002.32,1270.75,0.1
ORD-101972,07/09/2023,Christopher Garcia,CU-10165,Standard Copiers A,Technology,East,8,5204.02,1434.66,0.1
ORD-101973,06/21/2024,John Lopez,CU-10162,Deluxe Chairs A,Furniture,South,3,215.3,48.35,0.15
ORD-101974,07/08/2023,Thomas Miller,CU-10035,Wireless Machines B,Technology,South,2,734.89,263.77,0.15
ORD-101975,12/28/2024,Mary Martin,CU-10190,Professional Laptops D,Technology,East,8,5277.76,1541.17,0
ORD-101976,11/27/2023,John Lopez,CU-10162,Wireless Machines B,Technology,West,5,2465.05,68.04,0.1
ORD-101977,07/27/2024,Kimberly Miller,CU-10142,Eco Art C,Office Supplies,Central,10,3744.79,90.35,0.3
ORD-101978,11/13/2024,Emily Taylor,CU-10215,Compact Storage C,Office Supplies,Central,2,839.66,252.08,0
ORD-101979,01/11/2024,Betty Robinson,CU-10092,Deluxe Labels B,Office Supplies,Central,8,1043.92,299.2,0
ORD-101980,09/05/2024,Ashley Lewis,CU-10156,Wireless Art F,Office Supplies,East,6,3785.52,114.23,0
ORD-101981,02/26/2024,Paul Miller,CU-10105,Basic Envelopes B,Office Supplies,West,3,2128.26,738.97,0
ORD-101982,09/01/2023,Steven White,CU-10153,Premium Laptops F,Technology,East,11,7289.37,591.96,0.1
ORD-101983,04/03/2024,Steven White,CU-10153,Wireless Binders F,Office Supplies,Central,1,276.52,97.47,0.1
ORD-101984,12/21/2023,Mary Williams,CU-10151,Deluxe Bookcases D,Furniture,West,4,2856.8,-427.32,0.2
ORD-101985,10/16/2023,Paul Jones,CU-10118,Professional Phones A,Technology,East,9,5997.42,493.82,0
ORD-101986,11/29/2023,Lisa Johnson,CU-10007,Standard Laptops B,Technology,East,9,3924.99,390.37,0
ORD-101987,12/14/2024,James Martinez,CU-10106,Executive Storage F,Office Supplies,South,1,502.38,169.58,0.3
ORD-101988,07/09/2023,James Robinson,CU-10130,Deluxe Tables A,Furniture,West,11,2494.91,254.47,0
ORD-101989,11/20/2023,Mary Hernandez,CU-10188,Standard Accessories B,Technology,East,7,2121.53,700.92,0.15
ORD-101990,07/13/2024,Sandra Martinez,CU-10004,Compact Storage C,Office Supplies,West,11,7995.54,3211.73,0.1
ORD-101991,01/13/2023,Joseph White,CU-10018,Professional Copiers F,Technology,South,5,3057.34,44.3,0.1
ORD-101992,07/27/2023,Steven Clark,CU-10016,Basic Envelopes B,Office Supplies,East,11,7897.23,2233.89,0
ORD-101993,02/02/2023,Linda Robinson,CU-10024,Basic Office Desks F,Furniture,East,4,544.84,84.77,0
ORD-101994,01/29/2023,Sarah Anderson,CU-10063,Eco Paper B,Office Supplies,East,5,87.7,30.8,0
ORD-101995,11/24/2024,Susan White,CU-10082,Deluxe Bookcases D,Furniture,West,1,869.84,107.75,0
ORD-101996,05/13/2023,Barbara Garcia,CU-10078,Ergonomic Phones C,Technology,South,7,2831.75,658.26,0.2
ORD-101997,10/19/2023,Andrew Anderson,CU-10124,Deluxe Fasteners C,Office Supplies,East,12,1839.01,216.7,0.3
ORD-101998,05/26/2023,Richard Robinson,CU-10008,Basic Art A,Office Supplies,East,3,717.9,291.96,0.15
ORD-101999,10/23/2024,Michelle Ramirez,CU-10028,Eco Envelopes F,Office Supplies,Central,1,155.01,55.98,0.15
ORD-102000,10/10/2024,Sandra Lopez,CU-10150,Premium Chairs F,Furniture,South,1,884.91,-27.56,0
ORD-102001,06/24/2024,Betty Sanchez,CU-10026,Ergonomic Phones C,Technology,East,6,716.04,8.36,0.15
ORD-102002,10/04/2023,Susan Thompson,CU-10145,Professional Tables D,Furniture,West,11,3252.56,483.1,0.3
ORD-102003,10/16/2023,Steven Harris,CU-10041,Executive Laptops C,Technology,West,7,6151.46,633.06,0
ORD-102004,04/18/2023,Sandra Rodriguez,CU-10021,Professional Tables F,Furniture,Central,4,2222.6,356.28,0
ORD-102005,06/23/2023,Linda Lewis,CU-10141,Wireless Machines C,Technology,South,1,758.66,152.89,0
ORD-102006,10/27/2024,Barbara Garcia,CU-10078,Compact Storage B,Office Supplies,West,7,1544.98,236.4,0.2
ORD-102007,07/13/2023,Ashley Davis,CU-10108,Professional Sofas E,Furniture,South,6,4166.88,468.92,0
ORD-102008,10/03/2024,Jennifer Harris,CU-10161,Premium Binders A,Office Supplies,West,3,62.08,21.26,0.3
ORD-102009,03/03/2023,Paul Hernandez,CU-10127,Deluxe Furnishings A,Furniture,West,2,509.22,-25.09,0.3
ORD-102010,06/14/2024,Michelle Wilson,CU-10111,Premium Accessories D,Technology,West,12,2909.52,275.42,0
ORD-102011,09/30/2024,Andrew Anderson,CU-10124,Basic Fasteners F,Office Supplies,East,1,264.08,26.52,0.3
ORD-102012,07/12/2024,Karen Perez,CU-10057,Compact Bookcases B,Furniture,South,7,3953.54,260.93,0.15
ORD-102013,03/13/2023,Charles Rodriguez,CU-10032,Professional Copiers F,Technology,East,11,1652.75,138.62,0
ORD-102014,02/05/2024,Joseph Jackson,CU-10158,Premium Fasteners E,Office Supplies,Central,11,8069.05,780.31,0.15
ORD-102015,02/24/2024,Christopher Moore,CU-10109,Premium Fasteners E,Office Supplies,South,10,8106.7,3212.58,0
ORD-102016,12/02/2024,Michelle Ramirez,CU-10028,Wireless Sofas B,Furniture,Central,6,2608.63,475.15,0.1
ORD-102017,03/22/2023,Donald Smith,CU-10154,Deluxe Office Desks C,Furniture,East,10,5165.8,-489.4,0
ORD-102018,05/27/2024,David Gonzalez,CU-10159,Professional Tables E,Furniture,South,6,2431.02,332.65,0.15
ORD-102019,06/03/2023,Donald Taylor,CU-10009,Basic Envelopes C,Office Supplies,West,2,1084.99,225.62,0.3
ORD-102020,07/24/2023,Charles Garcia,CU-10147,Basic Paper D,Office Supplies,West,10,5007.66,1941.47,0.3
ORD-102021,09/12/2023,David Martin,CU-10067,Basic Labels C,Office Supplies,South,1,45,9.54,0
ORD-102022,02/17/2023,Charles Rodriguez,CU-10032,Executive Machines D,Technology,West,9,1597.61,159.74,0.2
ORD-102023,08/23/2023,Emily White,CU-10149,Professional Labels F,Office Supplies,West,10,6506.5,143.84,0.15
ORD-102024,08/03/2023,Anthony Sanchez,CU-10091,Executive Machines D,Technology,East,5,4291.7,1508.79,0
ORD-102025,07/14/2024,Karen Johnson,CU-10110,Eco Phones E,Technology,East,12,3490.79,249.42,0.3
ORD-102026,05/25/2023,Emily White,CU-10149,Premium Fasteners E,Office Supplies,Central,9,2837.52,446.22,0
ORD-102027,12/06/2024,James Taylor,CU-10020,Wireless Supplies D,Office Supplies,Central,5,3798.8,1047.89,0
ORD-102028,06/30/2024,Donna Thompson,CU-10037,Basic Paper D,Office Supplies,South,7,5465.12,2144.35,0.1
ORD-102029,11/20/2023,Anthony Johnson,CU-10093,Professional Phones A,Technology,West,4,37.36,5.4,0
ORD-102030,09/02/2024,John Lopez,CU-10162,Executive Supplies E,Office Supplies,West,7,6119.12,1848.75,0
ORD-102031,05/24/2024,Karen Johnson,CU-10110,Basic Envelopes B,Office Supplies,East,6,3398.98,607.41,0.1
ORD-102032,01/16/2023,Andrew Sanchez,CU-10128,Executive Laptops C,Technology,Central,10,1838.3,637.64,0
ORD-102033,06/05/2023,Barbara Gonzalez,CU-10064,Ergonomic Accessories E,Technology,West,10,3529.45,904.65,0.15
ORD-102034,08/21/2023,Sarah Anderson,CU-10119,Wireless Chairs B,Furniture,East,11,4938.67,706.83,0
ORD-102035,08/16/2023,Sandra Ramirez,CU-10134,Deluxe Labels E,Office Supplies,South,11,1349.39,34.95,0.2
ORD-102036,11/02/2024,Patricia Hernandez,CU-10143,Wireless Art F,Office Supplies,East,12,6309.6,2385,0.2
ORD-102037,03/28/2024,Matthew Johnson,CU-10171,Premium Bookcases E,Furniture,South,7,4129.44,-319.52,0.2
ORD-102038,03/09/2024,Margaret Thomas,CU-10203,Basic Accessories F,Technology,West,12,1035.26,298.58,0.2
ORD-102039,09/21/2023,Sarah Taylor,CU-10167,Executive Supplies A,Office Supplies,Central,4,2594.56,713.47,0
ORD-102040,03/14/2023,Emily White,CU-10149,Premium Sofas F,Furniture,South,12,8111.04,148.01,0
ORD-102041,06/28/2023,Charles Smith,CU-10112,Executive Supplies E,Office Supplies,Central,10,615.78,22.73,0.1
ORD-102042,06/17/2023,Charles Smith,CU-10112,Compact Storage B,Office Supplies,East,3,313.44,79.95,0
ORD-102043,05/31/2023,Margaret Brown,CU-10176,Standard Storage A,Office Supplies,East,12,7407,1117.01,0
ORD-102044,10/09/2024,Thomas Perez,CU-10058,Premium Sofas D,Furniture,East,6,1443.54,-188.36,0
ORD-102045,05/29/2024,Betty Jones,CU-10187,Compact Binders D,Office Supplies,South,3,1179.02,471.18,0.15
ORD-102046,01/30/2023,Jennifer Williams,CU-10113,Executive Furnishings D,Furniture,East,4,3269.16,99.34,0
ORD-102047,10/07/2023,Emily Taylor,CU-10121,Compact Supplies C,Office Supplies,West,11,1593.68,241.95,0.2
ORD-102048,10/31/2023,Donald Taylor,CU-10212,Eco Envelopes A,Office Supplies,West,10,4190.83,702.45,0.3
ORD-102049,06/27/2024,Anthony Jackson,CU-10000,Executive Paper C,Office Supplies,West,10,8854.4,1108.1,0
ORD-102050,02/20/2024,Karen Thomas,CU-10144,Compact Storage C,Office Supplies,East,4,725.2,130.21,0.3
ORD-102051,09/20/2023,David Martin,CU-10067,Basic Bookcases C,Furniture,East,6,2985.96,-160.13,0
ORD-102052,12/31/2023,Betty Hernandez,CU-10005,Eco Fasteners B,Office Supplies,Central,5,2334.78,686.18,0.15
ORD-102053,01/16/2023,Robert Clark,CU-10123,Executive Monitors E,Technology,West,3,1263.82,237.65,0.1
ORD-102054,01/10/2024,Donald Taylor,CU-10009,Premium Fasteners E,Office Supplies,Central,3,142.95,47.18,0
ORD-102055,03/21/2023,John Lopez,CU-10162,Premium Chairs F,Furniture,East,9,7963.74,-443.05,0
ORD-102056,07/24/2024,Linda Johnson,CU-10211,Standard Laptops B,Technology,Central,6,4129.2,967.13,0
ORD-102057,07/20/2024,Donna Thompson,CU-10037,Premium Fasteners A,Office Supplies,Central,8,4548.54,1353.19,0.2
ORD-102058,12/03/2023,John Lopez,CU-10162,Ergonomic Storage E,Office Supplies,East,9,249.42,80.12,0.3
ORD-102059,11/03/2023,Andrew Moore,CU-10001,Ergonomic Phones F,Technology,West,2,1042.54,395.38,0
ORD-102060,04/13/2023,James Hernandez,CU-10053,Professional Supplies B,Office Supplies,West,9,4013.91,710.42,0
ORD-102061,04/20/2023,Susan Lopez,CU-10012,Executive Laptops E,Technology,Central,10,4160.3,-6.37,0
ORD-102062,08/21/2023,Emily Taylor,CU-10215,Standard Copiers A,Technology,East,7,4931.42,1806.25,0.2
ORD-102063,03/04/2024,Donna Garcia,CU-10185,Standard Machines E,Technology,West,9,2862.18,46.14,0
ORD-102064,05/27/2024,Joseph White,CU-10018,Deluxe Chairs A,Furniture,Central,7,4788.49,1163.63,0
ORD-102065,08/18/2023,Sandra Ramirez,CU-10087,Premium Laptops F,Technology,South,10,3412.89,754.83,0.1
ORD-102066,02/27/2023,Mary Williams,CU-10151,Professional Labels F,Office Supplies,South,1,537.24,16.67,0.1
ORD-102067,01/18/2024,Sarah Anderson,CU-10063,Professional Phones A,Technology,Central,5,2272.7,459.75,0
ORD-102068,03/04/2023,Sandra Ramirez,CU-10087,Standard Furnishings B,Furniture,West,7,2940.7,-81.67,0
ORD-102069,08/06/2023,Thomas Martin,CU-10085,Basic Office Desks F,Furniture,Central,10,2949.4,152.61,0
ORD-102070,10/11/2024,Linda Lewis,CU-10141,Wireless Envelopes D,Office Supplies,East,10,6312.64,1265.48,0.2
ORD-102071,01/13/2023,Ashley Clark,CU-10196,Standard Laptops B,Technology,East,12,7118.88,697.87,0
ORD-102072,05/27/2024,Charles Smith,CU-10112,Executive Supplies A,Office Supplies,West,9,6582.24,881.64,0
ORD-102073,07/24/2023,Charles Rodriguez,CU-10032,Compact Bookcases B,Furniture,Central,11,8368.14,1261.61,0
ORD-102074,05/26/2024,Donald Williams,CU-10006,Premium Fasteners A,Office Supplies,East,8,4957.96,1172.56,0.3
ORD-102075,08/03/2024,James Taylor,CU-10114,Ergonomic Art E,Office Supplies,East,8,2321.6,764.62,0.2
ORD-102076,02/21/2024,Emily Anderson,CU-10163,Basic Bookcases C,Furniture,West,8,723.71,9.6,0.2
ORD-102077,10/01/2023,Sandra Rodriguez,CU-10021,Wireless Binders F,Office Supplies,West,10,1370.2,496.22,0.15
ORD-102078,03/28/2023,Christopher Thompson,CU-10218,Compact Bookcases B,Furniture,West,2,290.84,-17.22,0.3
ORD-102079,09/01/2023,Andrew Lee,CU-10217,Executive Office Desks B,Furniture,West,8,1372.65,164.52,0.15
ORD-102080,05/29/2023,Sarah Jackson,CU-10033,Eco Envelopes F,Office Supplies,West,9,3669.84,427.83,0
ORD-102081,08/24/2024,David Martin,CU-10067,Wireless Sofas B,Furniture,South,8,3101.47,239.72,0.1
ORD-102082,09/30/2024,David Ramirez,CU-10036,Deluxe Office Desks A,Furniture,Central,4,413.14,-58.32,0.3
ORD-102083,04/15/2023,Sandra Thomas,CU-10042,Ergonomic Storage E,Office Supplies,West,6,2286.36,388.18,0.1
ORD-102084,02/25/2024,Christopher Martin,CU-10076,Standard Furnishings B,Furniture,West,5,995.95,-129.34,0.15
ORD-102085,03/05/2023,Andrew Lee,CU-10217,Standard Chairs C,Furniture,East,5,1617.17,137.81,0.3
ORD-102086,11/23/2023,William Lewis,CU-10209,Premium Fasteners E,Office Supplies,Central,7,5824.84,666.25,0
ORD-102087,05/27/2024,Michael Harris,CU-10172,Ergonomic Phones F,Technology,East,11,7130.12,2079.98,0.15
ORD-102088,05/21/2023,Paul Miller,CU-10105,Ergonomic Accessories E,Technology,Central,9,1199.97,275.27,0
ORD-102089,07/16/2024,Michelle Wilson,CU-10111,Professional Supplies B,Office Supplies,West,8,4427.36,883.19,0.3
ORD-102090,08/25/2023,Emily Gonzalez,CU-10214,Basic Paper E,Office Supplies,East,5,804.44,137.88,0.3
ORD-102091,04/26/2024,Betty Robinson,CU-10092,Basic Office Desks E,Furniture,West,11,3495.69,-109.59,0.1
ORD-102092,11/29/2024,Robert Clark,CU-10123,Professional Copiers F,Technology,East,9,1481.41,269.12,0.1
ORD-102093,12/10/2023,John Johnson,CU-10138,Wireless Supplies D,Office Supplies,Central,10,3215.8,626.11,0
ORD-102094,11/21/2024,Donald Martinez,CU-10102,Basic Fasteners F,Office Supplies,Central,11,6438.13,541.14,0.15
ORD-102095,05/13/2024,Donald Martinez,CU-10084,Premium Binders A,Office Supplies,West,9,6483.33,1570.04,0
ORD-102096,06/30/2024,Emily Gonzalez,CU-10214,Eco Envelopes F,Office Supplies,East,11,8626.75,3047.47,0
ORD-102097,03/16/2024,Charles Lee,CU-10202,Standard Binders B,Office Supplies,Central,6,1410.05,238.7,0.1
ORD-102098,01/28/2024,Ashley Harris,CU-10152,Compact Monitors F,Technology,Central,9,2637.28,589.16,0.1
ORD-102099,07/27/2024,Donald Smith,CU-10148,Wireless Machines C,Technology,Central,7,4369.72,789.2,0.3
ORD-102100,01/25/2024,Ashley Clark,CU-10027,Executive Storage F,Office Supplies,South,9,6967.38,640.3,0.1
ORD-102101,07/10/2024,James Martinez,CU-10106,Basic Machines F,Technology,West,3,1083.81,250.97,0
ORD-102102,03/20/2024,Mary Martin,CU-10190,Standard Furnishings B,Furniture,East,6,620.46,19.03,0
ORD-102103,07/23/2023,Susan Lopez,CU-10012,Wireless Binders F,Office Supplies,Central,11,2996.66,494.64,0.2
ORD-102104,10/04/2023,Michelle Clark,CU-10013,Professional Sofas E,Furniture,Central,10,3958.88,881.12,0.2
ORD-102105,07/05/2024,James Robinson,CU-10130,Eco Chairs E,Furniture,East,8,191.92,-10.44,0
ORD-102106,07/07/2023,Daniel Hernandez,CU-10100,Premium Supplies F,Office Supplies,South,10,151.3,38.7,0.15
ORD-102107,03/06/2024,Anthony Anderson,CU-10066,Compact Furnishings C,Furniture,East,3,2045.49,457.18,0
ORD-102108,08/13/2023,Robert Moore,CU-10173,Wireless Monitors D,Technology,West,2,15.1,4.66,0.2
ORD-102109,08/01/2023,Linda Johnson,CU-10211,Premium Bookcases E,Furniture,East,12,6246.24,948.91,0
ORD-102110,02/12/2023,Sandra Robinson,CU-10030,Ergonomic Copiers D,Technology,East,2,401.68,44.79,0
ORD-102111,04/26/2023,Robert Ramirez,CU-10074,Executive Furnishings D,Furniture,East,3,2318.87,496.48,0.1
ORD-102112,04/10/2023,Margaret Lewis,CU-10181,Deluxe Tables A,Furniture,Central,8,1869.98,277.75,0.1
ORD-102113,04/07/2024,Linda Lewis,CU-10141,Wireless Phones D,Technology,Central,12,6955.44,326.48,0
ORD-102114,02/11/2023,Joshua Anderson,CU-10049,Professional Tables E,Furniture,South,2,393.72,80.51,0.3
ORD-102115,12/07/2023,Kimberly Rodriguez,CU-10136,Standard Accessories B,Technology,West,10,3483.55,1085.31,0.3
ORD-102116,11/27/2024,John Wilson,CU-10073,Eco Phones E,Technology,East,2,679.89,241.98,0.2
ORD-102117,02/02/2024,Nancy Martin,CU-10216,Compact Binders D,Office Supplies,West,5,2151.45,504.74,0
ORD-102118,04/26/2023,Anthony Martinez,CU-10023,Ergonomic Machines A,Technology,South,12,8547.96,215.2,0
ORD-102119,04/16/2024,James White,CU-10179,Basic Art A,Office Supplies,South,8,2168.38,490.39,0.2
ORD-102120,05/30/2024,Patricia Davis,CU-10101,Premium Laptops F,Technology,Central,3,1156.6,352.9,0.15
ORD-102121,02/04/2024,James Taylor,CU-10114,Standard Furnishings F,Furniture,Central,9,77.49,10.96,0
ORD-102122,10/05/2024,Susan Sanchez,CU-10095,Standard Chairs C,Furniture,East,10,133.7,-4.8,0.3
ORD-102123,04/10/2024,Kimberly Miller,CU-10083,Standard Copiers A,Technology,Central,1,395.88,147.49,0.15
ORD-102124,08/01/2023,Daniel Taylor,CU-10044,Eco Office Desks D,Furniture,East,3,553.18,-53.26,0.3
ORD-102125,03/12/2024,Kimberly Miller,CU-10142,Wireless Art F,Office Supplies,East,10,5435.3,708.4,0
ORD-102126,01/07/2023,William Martin,CU-10094,Wireless Sofas C,Furniture,South,4,1763.92,138.09,0
ORD-102127,09/22/2023,Paul Hernandez,CU-10127,Deluxe Office Desks A,Furniture,East,4,2303.82,478.78,0.1
ORD-102128,03/24/2024,Mary Jackson,CU-10010,Basic Storage D,Office Supplies,Central,11,7012.61,436.35,0
ORD-102129,04/06/2023,Daniel Hernandez,CU-10100,Standard Chairs C,Furniture,East,6,442.81,103.44,0.3
ORD-102130,04/07/2023,Steven Robinson,CU-10186,Wireless Machines B,Technology,East,11,4479.75,1566.7,0.1
ORD-102131,08/22/2023,Christopher Jones,CU-10029,Basic Bookcases C,Furniture,South,11,877.72,-53.58,0.3
ORD-102132,05/22/2024,Joshua Moore,CU-10022,Eco Chairs E,Furniture,East,4,1425.92,278.82,0
ORD-102133,12/14/2023,Sarah Anderson,CU-10063,Ergonomic Copiers D,Technology,West,3,1036.37,315.23,0.15
ORD-102134,01/29/2023,Steven Robinson,CU-10186,Basic Machines F,Technology,East,2,416.88,96.82,0
ORD-102135,11/15/2024,Donald Martinez,CU-10104,Basic Laptops A,Technology,East,6,1486.34,-10.82,0.3
ORD-102136,12/01/2023,Andrew Thompson,CU-10207,Basic Paper D,Office Supplies,West,8,4248.07,685.77,0.1
ORD-102137,11/03/2023,Betty Hernandez,CU-10005,Wireless Monitors D,Technology,South,7,907.97,229.37,0.15
ORD-102138,10/09/2024,Charles Lee,CU-10202,Standard Binders B,Office Supplies,South,7,460.75,38.95,0.3
ORD-102139,01/30/2023,Joshua Moore,CU-10022,Executive Monitors A,Technology,East,1,505.11,42.83,0
ORD-102140,05/17/2024,Steven Martinez,CU-10050,Premium Tables B,Furniture,East,7,1420.74,61.99,0.15
ORD-102141,05/25/2023,Sarah Anderson,CU-10119,Premium Sofas F,Furniture,Central,1,296.07,31.77,0.1
ORD-102142,04/06/2024,Anthony Brown,CU-10213,Executive Bookcases F,Furniture,East,3,494.7,94.9,0
ORD-102143,01/08/2024,James Martinez,CU-10106,Eco Chairs E,Furniture,West,11,3658.94,-159.66,0.1
ORD-102144,11/23/2024,Steven Lewis,CU-10015,Professional Sofas E,Furniture,East,8,235.8,-26.22,0.1
ORD-102145,09/29/2023,Barbara White,CU-10054,Executive Laptops C,Technology,South,1,148.99,37.98,0
ORD-102146,02/03/2024,Joshua Jackson,CU-10168,Basic Fasteners F,Office Supplies,East,10,5393.57,1132.33,0.3
ORD-102147,03/08/2024,Nancy Smith,CU-10002,Wireless Sofas C,Furniture,West,10,3874.6,36.76,0
ORD-102148,03/01/2023,Nancy Martin,CU-10216,Ergonomic Binders E,Office Supplies,South,6,4625.1,567.72,0.1
ORD-102149,11/17/2023,Kimberly Moore,CU-10195,Compact Storage C,Office Supplies,Central,2,632.74,251.91,0.3
ORD-102150,09/03/2024,William Thomas,CU-10126,Compact Supplies C,Office Supplies,South,8,1066.48,280.69,0
ORD-102151,04/21/2024,Thomas Perez,CU-10058,Eco Envelopes F,Office Supplies,Central,9,1296.29,383.38,0.15
ORD-102152,11/19/2023,John Lopez,CU-10096,Wireless Chairs B,Furniture,West,4,2392.77,-255.85,0.2
ORD-102153,08/26/2023,Anthony Martinez,CU-10023,Deluxe Office Desks A,Furniture,East,5,749.7,-12.02,0
ORD-102154,10/10/2024,Donald Smith,CU-10148,Eco Envelopes F,Office Supplies,West,3,1276.71,469.34,0
ORD-102155,08/04/2023,Richard Anderson,CU-10204,Standard Labels A,Office Supplies,Central,5,1056.56,94,0.2
ORD-102156,04/01/2023,Ashley Harris,CU-10152,Premium Copiers E,Technology,South,1,34.17,11.76,0
ORD-102157,07/01/2023,Anthony Garcia,CU-10146,Standard Labels A,Office Supplies,West,10,3183.93,309.1,0.1
ORD-102158,07/05/2023,Richard Anderson,CU-10204,Basic Laptops A,Technology,West,7,869.54,90.84,0
ORD-102159,10/24/2023,Susan Thompson,CU-10145,Ergonomic Accessories E,Technology,West,4,1409.04,15.59,0
ORD-102160,12/16/2023,Robert Lewis,CU-10177,Ergonomic Accessories E,Technology,South,4,511.94,95.98,0.2
ORD-102161,07/03/2024,Elizabeth Martinez,CU-10122,Executive Monitors A,Technology,Central,4,750.9,61.51,0.3
ORD-102162,01/16/2023,John Miller,CU-10189,Basic Labels C,Office Supplies,Central,4,979.8,63.66,0
ORD-102163,03/25/2024,William Gonzalez,CU-10059,Basic Paper D,Office Supplies,South,5,1949.3,56.99,0
ORD-102164,07/22/2024,Richard Robinson,CU-10008,Premium Sofas D,Furniture,South,1,733.2,161.04,0.1
ORD-102165,12/31/2023,Sandra Garcia,CU-10197,Basic Accessories F,Technology,South,6,1571.56,237.07,0.15
ORD-102166,02/09/2023,William Gonzalez,CU-10059,Premium Fasteners E,Office Supplies,Central,6,1717.74,40.92,0
ORD-102167,09/09/2024,Thomas Martin,CU-10085,Ergonomic Art E,Office Supplies,West,7,3165.19,868.37,0
ORD-102168,01/07/2024,Ashley Martin,CU-10116,Premium Laptops F,Technology,South,7,5556.98,1412.39,0.1
ORD-102169,12/05/2023,Steven Thompson,CU-10079,Basic Storage D,Office Supplies,East,11,3893.47,584.3,0.2
ORD-102170,03/28/2023,Steven Martinez,CU-10050,Professional Tables E,Furniture,South,7,477.26,67.47,0
ORD-102171,11/09/2024,Christopher Lee,CU-10060,Premium Accessories D,Technology,West,12,4229.43,93.35,0.15
ORD-102172,07/20/2023,Anthony Garcia,CU-10146,Compact Monitors F,Technology,East,4,1794.24,22.16,0
ORD-102173,06/03/2024,Michael Davis,CU-10175,Executive Storage F,Office Supplies,East,11,4155.89,873.03,0.2
ORD-102174,09/15/2023,Paul Thomas,CU-10090,Eco Paper B,Office Supplies,Central,6,639.24,61.71,0.3
ORD-102175,02/13/2023,Christopher Jones,CU-10081,Ergonomic Labels D,Office Supplies,Central,4,3015.44,874.47,0
ORD-102176,11/21/2023,Emily Anderson,CU-10163,Wireless Envelopes D,Office Supplies,West,4,1656.82,510.96,0.15
ORD-102177,03/10/2024,Patricia Davis,CU-10101,Compact Binders D,Office Supplies,East,9,3700.49,1406.99,0.1
ORD-102178,07/11/2024,Emily Taylor,CU-10121,Basic Office Desks F,Furniture,South,12,1861.91,-232.84,0.15
ORD-102179,01/02/2023,Ashley Robinson,CU-10166,Executive Machines D,Technology,East,8,2685.38,296.98,0.1
ORD-102180,10/06/2023,William Lewis,CU-10209,Ergonomic Furnishings E,Furniture,West,3,1970.52,118.15,0.2
ORD-102181,10/23/2024,Richard Robinson,CU-10008,Professional Copiers F,Technology,West,8,6182.48,272.32,0
ORD-102182,12/01/2024,Patricia Brown,CU-10208,Deluxe Accessories A,Technology,South,12,8275.57,997.55,0.15
ORD-102183,02/06/2024,Anthony Martinez,CU-10023,Premium Copiers E,Technology,East,9,1077.17,217.24,0.3
ORD-102184,11/26/2024,Christopher Lee,CU-10060,Professional Supplies B,Office Supplies,East,2,665.38,66.54,0.3
ORD-102185,06/03/2023,Kimberly Moore,CU-10195,Wireless Monitors D,Technology,East,12,7462.94,1440.27,0.2
ORD-102186,03/04/2023,Mark Miller,CU-10129,Executive Paper C,Office Supplies,West,7,4075.61,540.18,0
ORD-102187,10/19/2023,Michelle Smith,CU-10160,Eco Chairs E,Furniture,South,1,755.32,12.92,0
ORD-102188,07/05/2024,Paul Lee,CU-10048,Basic Machines F,Technology,West,8,5970.74,212.45,0.1
ORD-102189,01/11/2023,Charles Davis,CU-10191,Deluxe Fasteners C,Office Supplies,East,6,3712.8,176.14,0
ORD-102190,08/23/2024,William Gonzalez,CU-10059,Deluxe Labels B,Office Supplies,South,8,2013.52,675.52,0
ORD-102191,03/20/2024,Richard Lewis,CU-10043,Deluxe Monitors C,Technology,South,10,2757.58,718.83,0.3
ORD-102192,06/13/2024,Joshua Jackson,CU-10168,Executive Laptops E,Technology,Central,9,3155.98,141.15,0.2
ORD-102193,11/04/2023,Christopher Martin,CU-10076,Professional Sofas E,Furniture,West,8,3548.85,-369.29,0.15
ORD-102194,11/21/2023,Betty Hernandez,CU-10005,Ergonomic Art E,Office Supplies,West,2,552.14,217.44,0.15
ORD-102195,02/19/2023,Kimberly Martinez,CU-10068,Executive Office Desks B,Furniture,West,10,1845.9,-51.06,0
ORD-102196,08/10/2023,Karen Perez,CU-10057,Standard Laptops B,Technology,East,2,1011.01,80.57,0.3
ORD-102197,07/04/2023,David Brown,CU-10086,Ergonomic Storage E,Office Supplies,South,1,457.01,105.27,0.2
ORD-102198,02/21/2024,Anthony Jackson,CU-10000,Wireless Machines C,Technology,Central,5,2076.4,-26.89,0.2
ORD-102199,01/15/2024,Lisa Johnson,CU-10007,Deluxe Fasteners C,Office Supplies,Central,8,5834.4,2094.06,0
ORD-102200,10/30/2024,Steven Martinez,CU-10194,Professional Supplies B,Office Supplies,West,3,1425.88,440.42,0.3
ORD-102201,08/12/2024,James Hernandez,CU-10053,Executive Furnishings D,Furniture,West,3,443.61,-55.85,0
ORD-102202,10/03/2024,John Miller,CU-10189,Basic Chairs D,Furniture,South,1,430.82,9.35,0.15
ORD-102203,07/01/2024,Thomas Martin,CU-10085,Ergonomic Art E,Office Supplies,South,7,4012.61,1446.78,0
ORD-102204,04/28/2023,Karen Gonzalez,CU-10055,Basic Machines F,Technology,East,9,2865.67,329.41,0.2
ORD-102205,02/06/2024,Susan Thompson,CU-10145,Ergonomic Phones F,Technology,West,10,880.95,332.01,0.3
ORD-102206,06/29/2024,Mark Moore,CU-10019,Deluxe Accessories A,Technology,East,7,5677.42,701.57,0
ORD-102207,01/22/2024,Kimberly Martinez,CU-10068,Wireless Sofas B,Furniture,West,3,2655.42,-116.69,0
ORD-102208,03/21/2024,Anthony Brown,CU-10213,Premium Supplies F,Office Supplies,South,8,4393.58,673.25,0.1
ORD-102209,07/26/2023,Paul Hernandez,CU-10127,Wireless Machines B,Technology,West,9,5597.66,1872.65,0.15
ORD-102210,07/19/2024,Betty Robinson,CU-10092,Professional Tables F,Furniture,West,6,664.86,-46.07,0
ORD-102211,08/12/2024,Andrew Sanchez,CU-10128,Basic Chairs D,Furniture,South,11,2309.78,-186.03,0
ORD-102212,05/04/2023,Anthony Martinez,CU-10023,Standard Chairs C,Furniture,Central,1,28.6,-1.24,0.15
ORD-102213,08/27/2024,John Lopez,CU-10162,Compact Supplies C,Office Supplies,East,9,6242.26,779.05,0.2
ORD-102214,08/03/2023,Barbara Garcia,CU-10078,Executive Supplies E,Office Supplies,South,12,1034.21,428.79,0.1
ORD-102215,01/06/2024,Margaret Thomas,CU-10203,Basic Envelopes C,Office Supplies,East,1,128.21,29.67,0.15
ORD-102216,10/16/2023,Mark Ramirez,CU-10098,Basic Storage D,Office Supplies,Central,6,4806.66,1690.3,0
ORD-102217,01/23/2024,Mary Hernandez,CU-10188,Executive Machines D,Technology,East,2,1263.33,54.95,0.2
ORD-102218,03/27/2024,Donald Smith,CU-10148,Executive Laptops E,Technology,South,10,8463.1,2484.45,0
ORD-102219,09/13/2024,Jessica Martin,CU-10040,Professional Bookcases A,Furniture,South,12,5386.82,-707.41,0.15
ORD-102220,09/06/2023,Christopher Thompson,CU-10218,Premium Chairs F,Furniture,West,2,1376.46,-42.81,0
ORD-102221,03/13/2023,Sandra Thomas,CU-10042,Ergonomic Phones C,Technology,East,4,2989.12,821.45,0.1
ORD-102222,01/04/2023,Emily Taylor,CU-10215,Wireless Sofas C,Furniture,East,5,3036.74,731.85,0.1
ORD-102223,02/04/2024,Sandra Thomas,CU-10042,Ergonomic Accessories C,Technology,East,8,7042.96,18.25,0
ORD-102224,02/24/2023,Ashley Rodriguez,CU-10137,Ergonomic Art E,Office Supplies,Central,1,337.3,21.49,0
ORD-102225,11/21/2024,Ashley Clark,CU-10027,Professional Tables F,Furniture,West,10,3791.34,749.19,0.3
ORD-102226,03/23/2024,Michelle Smith,CU-10160,Basic Office Desks E,Furniture,West,1,574.15,119.65,0.3
ORD-102227,07/03/2024,Richard Anderson,CU-10204,Premium Fasteners A,Office Supplies,South,10,839.44,94.53,0.3
ORD-102228,06/22/2024,Mary Rodriguez,CU-10132,Professional Copiers C,Technology,South,2,1164.3,188.82,0.15
ORD-102229,11/11/2023,Sarah White,CU-10193,Executive Laptops E,Technology,West,5,547.38,22.14,0.1
ORD-102230,02/27/2024,Donald Martinez,CU-10102,Ergonomic Accessories C,Technology,South,6,3507.08,-16.06,0.1
ORD-102231,05/06/2024,Steven Martinez,CU-10194,Executive Monitors E,Technology,South,7,2570.59,-25.43,0.3
ORD-102232,02/24/2023,Matthew Johnson,CU-10171,Professional Labels F,Office Supplies,West,3,1515.62,189.36,0.15
ORD-102233,08/31/2023,Thomas Perez,CU-10058,Professional Art B,Office Supplies,West,8,4869.65,1523.93,0.3
ORD-102234,11/02/2024,Paul Miller,CU-10105,Eco Paper B,Office Supplies,East,5,160.85,66.57,0
ORD-102235,06/05/2023,John Wilson,CU-10073,Standard Laptops B,Technology,East,8,5556.56,1052.72,0
ORD-102236,12/29/2024,Christopher Clark,CU-10099,Ergonomic Copiers D,Technology,Central,5,3092.5,303.79,0
ORD-102237,12/27/2023,Michelle Jackson,CU-10131,Basic Machines F,Technology,South,1,399.07,135.56,0
ORD-102238,12/07/2024,Michael Harris,CU-10172,Ergonomic Art E,Office Supplies,South,7,1920.03,801.94,0
ORD-102239,10/21/2023,William Martin,CU-10094,Wireless Art F,Office Supplies,Central,9,4036.14,633.51,0
ORD-102240,02/04/2023,Christopher Rodriguez,CU-10183,Professional Labels F,Office Supplies,South,7,1725.98,420.65,0.15
ORD-102241,02/03/2024,Anthony Anderson,CU-10066,Basic Machines F,Technology,South,11,3477.92,511.94,0.15
ORD-102242,12/20/2024,Joshua Anderson,CU-10049,Ergonomic Art E,Office Supplies,West,12,9579.96,899.43,0
ORD-102243,05/22/2023,Charles Lewis,CU-10062,Deluxe Bookcases D,Furniture,West,9,711.79,97.81,0.2
ORD-102244,09/27/2023,Mary Williams,CU-10151,Standard Labels A,Office Supplies,East,1,175.06,53.78,0
ORD-102245,03/25/2024,Matthew Lee,CU-10072,Ergonomic Accessories C,Technology,South,2,736.48,221.29,0
ORD-102246,10/11/2023,Christopher Garcia,CU-10165,Basic Envelopes B,Office Supplies,South,12,4816.69,1601.09,0.1
ORD-102247,12/08/2024,Karen Johnson,CU-10110,Standard Copiers A,Technology,East,12,587.76,59.47,0
ORD-102248,08/30/2023,Kimberly Miller,CU-10142,Ergonomic Labels D,Office Supplies,West,3,1956.96,397.94,0
ORD-102249,04/06/2023,Joshua Anderson,CU-10049,Compact Bookcases B,Furniture,South,12,4708.7,1065.47,0.2
ORD-102250,06/30/2023,David Gonzalez,CU-10159,Standard Chairs C,Furniture,East,6,639.63,86.74,0.1
ORD-102251,10/23/2023,James Perez,CU-10201,Ergonomic Machines A,Technology,Central,1,388.09,41.51,0
ORD-102252,09/04/2024,Ashley Clark,CU-10196,Executive Monitors A,Technology,Central,4,530.68,151.88,0.3
ORD-102253,09/13/2024,Richard Lewis,CU-10043,Standard Furnishings B,Furniture,East,9,2906.14,345.46,0.2
ORD-102254,09/14/2024,Sarah Anderson,CU-10063,Professional Sofas E,Furniture,Central,4,2072.67,448.56,0.15
ORD-102255,02/20/2024,Betty Brown,CU-10071,Ergonomic Machines A,Technology,West,1,450.18,122.63,0.2
ORD-102256,03/28/2023,Christopher Clark,CU-10099,Eco Office Desks D,Furniture,East,2,796.86,158.78,0.1
ORD-102257,03/06/2024,Charles Rodriguez,CU-10032,Ergonomic Phones F,Technology,South,10,5805.7,72.07,0
ORD-102258,02/21/2024,Ashley Davis,CU-10108,Professional Copiers C,Technology,West,7,2660.56,974.97,0.2
ORD-102259,12/30/2023,Anthony Sanchez,CU-10091,Compact Fasteners D,Office Supplies,Central,11,7403.99,2366.49,0
ORD-102260,04/03/2024,Anthony Garcia,CU-10146,Basic Accessories F,Technology,West,7,1532.79,149.19,0
ORD-102261,07/10/2024,Emily Taylor,CU-10121,Premium Accessories D,Technology,East,3,2032.97,248.4,0.1
ORD-102262,12/04/2024,Karen Clark,CU-10103,Basic Envelopes B,Office Supplies,South,10,4453.68,434.6,0.3
ORD-102263,09/02/2024,Susan Sanchez,CU-10095,Standard Binders C,Office Supplies,East,1,467.09,24.63,0.3
ORD-102264,02/14/2023,Emily Taylor,CU-10215,Wireless Chairs B,Furniture,Central,8,1657.26,-246.43,0.3
ORD-102265,03/07/2023,Richard Anderson,CU-10204,Professional Tables F,Furniture,West,7,1638,192.38,0
ORD-102266,12/24/2024,Sandra Garcia,CU-10197,Professional Labels F,Office Supplies,South,9,3423.53,1295.91,0.2
ORD-102267,06/02/2023,Jessica Martin,CU-10040,Wireless Sofas B,Furniture,South,1,245.42,-36.58,0
ORD-102268,02/04/2024,Linda Jackson,CU-10180,Basic Laptops A,Technology,Central,3,652.95,216.05,0
ORD-102269,05/28/2024,Lisa Wilson,CU-10038,Wireless Phones D,Technology,West,12,1443.31,284.5,0.1
ORD-102270,04/22/2023,John Moore,CU-10031,Basic Office Desks F,Furniture,East,5,909.16,-52.21,0.3
ORD-102271,01/04/2023,Matthew Johnson,CU-10171,Deluxe Furnishings A,Furniture,Central,7,1918,434.29,0
ORD-102272,12/13/2023,Thomas Jackson,CU-10115,Basic Chairs D,Furniture,East,2,888.57,-97.18,0.15
ORD-102273,04/09/2023,Steven White,CU-10153,Standard Binders C,Office Supplies,West,6,1640.34,422.07,0
ORD-102274,06/12/2023,Joshua Moore,CU-10022,Deluxe Bookcases D,Furniture,South,2,760.58,-22.38,0.2
ORD-102275,12/21/2023,Richard Brown,CU-10155,Professional Paper F,Office Supplies,West,5,671.44,34.73,0.2
ORD-102276,08/11/2023,Jennifer Williams,CU-10113,Deluxe Labels E,Office Supplies,West,11,4162.07,1262.54,0
ORD-102277,10/07/2024,William Gonzalez,CU-10059,Eco Phones E,Technology,West,5,3328.15,320.54,0
ORD-102278,04/13/2024,Steven Martinez,CU-10050,Wireless Phones D,Technology,South,10,3083.85,240.2,0.3
ORD-102279,05/05/2024,Susan Sanchez,CU-10095,Basic Envelopes C,Office Supplies,West,4,2199.26,523.17,0.3
ORD-102280,09/06/2024,Daniel Taylor,CU-10044,Standard Laptops B,Technology,South,12,7704.12,2168.82,0
ORD-102281,08/21/2023,Jessica Lopez,CU-10061,Professional Phones A,Technology,Central,5,1607.38,269.69,0.3
ORD-102282,04/15/2024,Andrew Anderson,CU-10124,Ergonomic Binders E,Office Supplies,South,2,1168.09,173.44,0.1
ORD-102283,03/28/2024,Paul Miller,CU-10105,Deluxe Envelopes E,Office Supplies,East,9,7419.24,2879.09,0
ORD-102284,02/17/2024,Sandra Garcia,CU-10197,Ergonomic Phones C,Technology,Central,10,5535,666.01,0
ORD-102285,05/30/2023,Thomas Miller,CU-10035,Basic Office Desks F,Furniture,West,5,807.46,44.89,0.15
ORD-102286,07/09/2024,Thomas Rodriguez,CU-10170,Deluxe Bookcases D,Furniture,West,6,4207.6,98.03,0.15
ORD-102287,07/18/2023,Steven Lewis,CU-10015,Professional Tables E,Furniture,East,7,236.27,54.58,0.15
ORD-102288,07/20/2023,Thomas Rodriguez,CU-10170,Professional Paper F,Office Supplies,Central,7,1036.49,304.79,0
ORD-102289,09/26/2023,Donald Smith,CU-10148,Eco Office Desks D,Furniture,South,2,1283.38,281.71,0.15
ORD-102290,09/22/2024,Anthony Johnson,CU-10093,Professional Copiers C,Technology,East,10,5619.94,391.9,0.15
ORD-102291,04/13/2023,Emily White,CU-10149,Executive Supplies A,Office Supplies,East,5,2815.85,306.41,0
ORD-102292,06/29/2024,Andrew Thompson,CU-10207,Eco Paper B,Office Supplies,Central,12,9387.79,1535.58,0.1
ORD-102293,11/22/2024,Patricia Brown,CU-10208,Compact Fasteners D,Office Supplies,East,8,2253.36,194.91,0
ORD-102294,11/26/2024,Joshua Jackson,CU-10168,Executive Laptops C,Technology,South,4,2721.48,379.07,0
ORD-102295,09/01/2024,Emily White,CU-10149,Eco Office Desks D,Furniture,South,3,1412.88,310.58,0
ORD-102296,12/11/2023,Paul Thomas,CU-10090,Deluxe Monitors C,Technology,East,1,321.56,94.51,0
ORD-102297,08/13/2024,Paul Lee,CU-10048,Wireless Envelopes D,Office Supplies,Central,12,7125.72,2200.07,0
ORD-102298,12/26/2024,Sandra Lopez,CU-10150,Executive Storage F,Office Supplies,East,2,555.88,110.76,0.15
ORD-102299,01/03/2023,Linda Johnson,CU-10211,Ergonomic Art E,Office Supplies,Central,6,891.36,62.57,0.2
ORD-102300,06/06/2023,Christopher Williams,CU-10039,Eco Office Desks D,Furniture,Central,11,3244.32,-167.06,0.3
ORD-102301,12/01/2023,Betty Brown,CU-10071,Premium Laptops F,Technology,East,12,1057.8,315.45,0
ORD-102302,10/05/2023,Charles Garcia,CU-10147,Deluxe Accessories A,Technology,Central,2,818.2,172.07,0.3
ORD-102303,05/09/2024,William Gonzalez,CU-10059,Professional Paper F,Office Supplies,East,5,1707.13,272.95,0.3
ORD-102304,05/26/2024,Joshua Jackson,CU-10168,Executive Copiers B,Technology,West,10,2818.5,591.49,0
ORD-102305,03/28/2023,Matthew Miller,CU-10135,Wireless Envelopes D,Office Supplies,South,12,3412.16,390.35,0.3
ORD-102306,03/07/2023,John Clark,CU-10120,Ergonomic Storage E,Office Supplies,South,5,2322.04,723.02,0.2
ORD-102307,04/06/2023,Richard Anderson,CU-10204,Standard Furnishings B,Furniture,South,1,65.69,-2.8,0
ORD-102308,09/06/2023,Joshua Martinez,CU-10011,Eco Envelopes A,Office Supplies,Central,12,2193.48,277.04,0.1
ORD-102309,07/14/2023,James Robinson,CU-10130,Premium Copiers E,Technology,East,7,3816.68,1241.93,0
ORD-102310,08/28/2023,John Clark,CU-10120,Premium Copiers E,Technology,South,2,749.06,178.02,0.3
ORD-102311,11/21/2023,Charles Garcia,CU-10147,Executive Laptops C,Technology,East,8,2437.23,637.22,0.3
ORD-102312,12/15/2024,Thomas Martin,CU-10085,Standard Machines E,Technology,Central,7,3810.91,1338.14,0.2
ORD-102313,08/15/2023,Sarah Taylor,CU-10167,Ergonomic Phones F,Technology,East,7,2877.84,1015.24,0.2
ORD-102314,05/15/2024,Michael Harris,CU-10172,Executive Paper C,Office Supplies,West,5,3190.01,318.25,0.1
ORD-102315,08/15/2023,Anthony Martinez,CU-10023,Ergonomic Phones F,Technology,West,7,4265.03,661.81,0
ORD-102316,07/31/2024,Margaret Lewis,CU-10181,Standard Machines E,Technology,West,10,6881.76,2521.69,0.2
ORD-102317,06/12/2023,Karen Clark,CU-10103,Executive Monitors E,Technology,Central,3,2216.07,788.45,0
ORD-102318,05/19/2024,Linda Jackson,CU-10180,Ergonomic Machines A,Technology,West,1,410.49,120.54,0
ORD-102319,11/09/2023,James Perez,CU-10201,Standard Labels A,Office Supplies,East,4,1372.36,443,0
ORD-102320,02/16/2024,Thomas Martin,CU-10085,Standard Machines E,Technology,East,11,8648.09,837.68,0
ORD-102321,12/26/2024,Lisa Clark,CU-10205,Professional Labels F,Office Supplies,Central,5,944.48,176.65,0.2
ORD-102322,04/09/2024,Paul Hernandez,CU-10127,Wireless Binders F,Office Supplies,South,9,3390.48,98.56,0
ORD-102323,06/21/2024,Ashley Davis,CU-10108,Ergonomic Phones C,Technology,South,3,912.79,32.16,0.2
ORD-102324,03/25/2023,Anthony Jackson,CU-10000,Professional Tables D,Furniture,Central,1,50.7,-2.51,0.2
ORD-102325,10/04/2023,Ashley Robinson,CU-10166,Deluxe Labels B,Office Supplies,West,3,2286.63,127.2,0
ORD-102326,01/31/2024,James Martinez,CU-10106,Wireless Supplies D,Office Supplies,Central,10,1524.69,160.81,0.1
ORD-102327,10/23/2024,Jessica Lopez,CU-10061,Compact Supplies C,Office Supplies,West,3,1195.13,59.5,0.15
ORD-102328,02/15/2023,Linda Jackson,CU-10180,Premium Binders A,Office Supplies,Central,11,811.8,30.88,0
ORD-102329,11/13/2024,Sandra Garcia,CU-10197,Basic Paper E,Office Supplies,Central,12,5129.57,1893.32,0.2
ORD-102330,02/12/2023,Christopher Lee,CU-10060,Standard Storage A,Office Supplies,East,4,1112.94,286.68,0.3
ORD-102331,06/28/2024,Sarah White,CU-10193,Standard Binders B,Office Supplies,West,12,5839.13,2002.26,0.1
ORD-102332,10/16/2023,John Wilson,CU-10073,Wireless Paper A,Office Supplies,East,3,1403.78,500.11,0.1
ORD-102333,02/11/2024,Mary Hernandez,CU-10188,Premium Supplies F,Office Supplies,East,12,2561.58,299.15,0.3
ORD-102334,11/09/2024,Michelle Smith,CU-10160,Wireless Chairs B,Furniture,Central,9,7249.9,-793.19,0.1
ORD-102335,05/14/2023,Emily Sanchez,CU-10107,Executive Laptops C,Technology,East,4,2964.56,40.66,0
ORD-102336,01/15/2024,Anthony Garcia,CU-10146,Basic Paper D,Office Supplies,Central,7,5600.98,864.96,0
ORD-102337,08/27/2023,Donald Smith,CU-10154,Basic Fasteners F,Office Supplies,East,1,746.65,288.23,0.15
ORD-102338,09/08/2024,Anthony Brown,CU-10025,Ergonomic Accessories E,Technology,Central,7,322.17,90.66,0.2
ORD-102339,05/03/2023,Andrew Moore,CU-10117,Basic Paper D,Office Supplies,West,8,5465.84,721.37,0.15
ORD-102340,06/10/2024,Emily Gonzalez,CU-10214,Compact Storage C,Office Supplies,East,5,1584.91,526.63,0.15
ORD-102341,11/26/2024,Andrew Lee,CU-10217,Standard Copiers A,Technology,East,7,721.33,-9.64,0.3
ORD-102342,10/31/2024,Jessica Lopez,CU-10061,Premium Accessories D,Technology,East,12,9856.92,326.77,0
ORD-102343,01/16/2024,Linda Sanchez,CU-10077,Wireless Art F,Office Supplies,Central,11,5816.45,1185.99,0.2
ORD-102344,07/28/2023,Steven Robinson,CU-10186,Standard Tables C,Furniture,South,7,220.36,43.92,0
ORD-102345,03/28/2023,Paul Thomas,CU-10090,Executive Monitors A,Technology,Central,7,4066.59,859.21,0.15
ORD-102346,01/07/2023,Susan Thompson,CU-10145,Basic Envelopes C,Office Supplies,South,10,7311.42,1564.75,0.1
ORD-102347,05/05/2023,Steven Martinez,CU-10050,Wireless Envelopes D,Office Supplies,Central,7,3170.72,1012.18,0
ORD-102348,04/26/2023,Kimberly Miller,CU-10083,Ergonomic Art E,Office Supplies,East,1,580.14,157.4,0.1
ORD-102349,05/12/2024,Matthew Johnson,CU-10171,Standard Copiers A,Technology,South,6,3651.6,1370.14,0
ORD-102350,01/29/2024,Joshua Anderson,CU-10049,Basic Envelopes B,Office Supplies,East,12,7635.36,1230.46,0
ORD-102351,10/18/2023,Anthony Johnson,CU-10093,Deluxe Office Desks A,Furniture,West,12,4435.68,-227.01,0.2
ORD-102352,11/22/2024,Thomas Rodriguez,CU-10170,Wireless Phones D,Technology,East,12,6487.4,560.77,0.3
ORD-102353,01/25/2023,Sandra Garcia,CU-10197,Executive Monitors E,Technology,South,10,8223.3,1349.2,0
ORD-102354,07/09/2023,Anthony Sanchez,CU-10046,Executive Laptops C,Technology,West,5,3526.2,656.92,0
ORD-102355,08/24/2024,Lisa Martin,CU-10178,Standard Furnishings B,Furniture,West,10,1371.6,279.03,0.2
ORD-102356,06/20/2024,Sandra Garcia,CU-10197,Wireless Sofas B,Furniture,East,12,3281.8,570.57,0.1
ORD-102357,07/02/2024,Robert Lewis,CU-10177,Basic Envelopes B,Office Supplies,East,3,1727.31,220.57,0.3
ORD-102358,08/17/2024,Andrew Thomas,CU-10047,Wireless Monitors D,Technology,East,8,813.68,47.57,0.3
ORD-102359,07/10/2023,Robert Clark,CU-10123,Eco Paper B,Office Supplies,South,9,1680.35,684.78,0.1
ORD-102360,07/16/2023,Kimberly Martinez,CU-10068,Wireless Sofas C,Furniture,West,12,3111.05,317.64,0.1
ORD-102361,01/10/2024,Andrew Miller,CU-10174,Deluxe Labels B,Office Supplies,West,1,237.1,26.4,0.15
ORD-102362,05/16/2024,Mark Moore,CU-10019,Wireless Machines C,Technology,South,6,4361.11,545.44,0.15
ORD-102363,03/23/2023,Kimberly Moore,CU-10195,Deluxe Office Desks C,Furniture,West,8,2252.8,-277.05,0
ORD-102364,09/23/2023,Sarah Davis,CU-10192,Executive Storage F,Office Supplies,West,7,2572.6,1075.76,0.15
ORD-102365,05/06/2024,Steven Martinez,CU-10194,Deluxe Art D,Office Supplies,Central,10,7664.3,1128.79,0
ORD-102366,03/24/2023,Sarah Davis,CU-10192,Basic Accessories F,Technology,South,6,2182.09,107.08,0.15
ORD-102367,12/10/2023,Anthony Johnson,CU-10093,Premium Binders A,Office Supplies,East,3,2411.18,551.27,0.1
ORD-102368,12/25/2023,Steven Clark,CU-10016,Basic Laptops A,Technology,East,1,276.85,27.65,0
ORD-102369,05/29/2023,Anthony Sanchez,CU-10210,Deluxe Monitors B,Technology,East,8,6319.84,-53.35,0
ORD-102370,04/16/2023,Sandra Ramirez,CU-10017,Ergonomic Copiers D,Technology,West,8,150.48,46.93,0
ORD-102371,09/12/2023,Charles Davis,CU-10191,Professional Art B,Office Supplies,West,7,3404.91,507.89,0.3
ORD-102372,07/10/2023,Kimberly Moore,CU-10195,Premium Supplies F,Office Supplies,West,11,9844.89,2073.08,0
ORD-102373,04/16/2023,Anthony Johnson,CU-10093,Eco Envelopes F,Office Supplies,West,11,5757.98,521.83,0.3
ORD-102374,01/22/2023,Robert Moore,CU-10173,Premium Fasteners E,Office Supplies,South,3,936.72,294.28,0.15
ORD-102375,04/05/2024,Ashley Martin,CU-10116,Executive Copiers B,Technology,South,3,715.01,139.57,0.1
ORD-102376,11/18/2023,Sandra Rodriguez,CU-10021,Eco Chairs E,Furniture,South,1,651.89,-92.42,0
ORD-102377,04/30/2024,Thomas Perez,CU-10058,Wireless Envelopes D,Office Supplies,South,1,214.62,67.11,0.1
ORD-102378,10/31/2024,Matthew Miller,CU-10135,Basic Envelopes B,Office Supplies,Central,1,723.87,126.2,0.15
ORD-102379,11/30/2023,Betty Hernandez,CU-10005,Wireless Sofas B,Furniture,South,6,3634.85,221.34,0.3
ORD-102380,11/23/2024,Thomas Miller,CU-10035,Compact Fasteners D,Office Supplies,South,12,9141.66,1266.52,0.1
ORD-102381,01/29/2024,Richard Williams,CU-10198,Basic Accessories F,Technology,South,7,2133.13,642.05,0.15
ORD-102382,10/04/2023,Anthony Jackson,CU-10000,Executive Storage F,Office Supplies,East,11,5137.77,2103.39,0
ORD-102383,04/12/2023,Sandra Lopez,CU-10150,Compact Fasteners D,Office Supplies,South,8,966.1,47.75,0.1
ORD-102384,03/29/2024,Jennifer Williams,CU-10113,Professional Copiers C,Technology,East,4,1013.57,131.02,0.15
ORD-102385,02/06/2023,Patricia Hernandez,CU-10143,Deluxe Tables A,Furniture,West,12,3803.04,492.2,0
ORD-102386,12/16/2024,Matthew Lee,CU-10072,Premium Accessories D,Technology,Central,1,533.86,22.14,0.2
ORD-102387,01/05/2023,Linda Sanchez,CU-10077,Compact Binders D,Office Supplies,West,10,200.7,31.95,0
ORD-102388,11/28/2023,Emily Sanchez,CU-10107,Wireless Sofas B,Furniture,East,3,607.68,-39.95,0
ORD-102389,05/02/2024,Karen Thomas,CU-10144,Deluxe Monitors B,Technology,East,10,434.97,128.23,0.1
ORD-102390,09/17/2023,Susan Lopez,CU-10012,Compact Bookcases B,Furniture,Central,2,525.67,6.94,0.1
ORD-102391,01/17/2023,Patricia Ramirez,CU-10034,Basic Paper D,Office Supplies,East,7,5606.65,1929.76,0
ORD-102392,06/10/2024,Donna Jackson,CU-10052,Ergonomic Labels D,Office Supplies,South,7,4935.39,267.54,0.2
ORD-102393,08/21/2023,Joseph Davis,CU-10003,Standard Accessories B,Technology,West,10,3310.5,175.55,0.15
ORD-102394,10/24/2023,Sandra Thomas,CU-10042,Deluxe Labels E,Office Supplies,Central,3,337.26,138.2,0
ORD-102395,10/21/2023,Michelle Wilson,CU-10111,Premium Bookcases E,Furniture,East,10,5756.24,1383.59,0.2
ORD-102396,02/12/2023,Betty Sanchez,CU-10026,Premium Sofas F,Furniture,East,11,1517.69,92.09,0.15
ORD-102397,08/06/2024,William Gonzalez,CU-10059,Basic Envelopes C,Office Supplies,South,6,4222.14,1009.15,0
ORD-102398,03/29/2024,Christopher Thompson,CU-10218,Professional Sofas E,Furniture,East,2,1221.02,-160.57,0
ORD-102399,03/28/2023,Matthew Lee,CU-10072,Wireless Phones D,Technology,Central,11,7054.87,2048.51,0.2
ORD-102400,12/25/2023,Lisa Hernandez,CU-10140,Premium Binders A,Office Supplies,West,3,2499.36,835.88,0
ORD-102401,01/07/2023,John Thompson,CU-10206,Compact Monitors F,Technology,Central,9,873.45,43.14,0
ORD-102402,03/14/2023,William Gonzalez,CU-10059,Professional Copiers C,Technology,West,8,5736.08,1952.47,0
ORD-102403,12/13/2024,Anthony Sanchez,CU-10091,Executive Laptops E,Technology,South,3,590.45,213.67,0.2
ORD-102404,04/25/2024,William Lewis,CU-10209,Standard Machines E,Technology,South,7,636.02,166.19,0
ORD-102405,07/03/2024,Steven Clark,CU-10016,Standard Accessories B,Technology,West,9,7687.26,977.93,0
ORD-102406,07/04/2024,Anthony Martinez,CU-10023,Premium Sofas F,Furniture,East,5,2143.65,106.28,0
ORD-102407,12/07/2024,Robert Ramirez,CU-10074,Compact Bookcases B,Furniture,East,5,4381.2,398.32,0
ORD-102408,01/24/2024,Betty Robinson,CU-10092,Ergonomic Phones C,Technology,West,11,4306.06,747.08,0
ORD-102409,10/07/2024,Barbara Gonzalez,CU-10064,Basic Fasteners F,Office Supplies,East,6,4949.22,1706.64,0
ORD-102410,12/28/2024,Michelle Ramirez,CU-10028,Standard Accessories B,Technology,West,6,853.13,219.23,0.15
ORD-102411,10/30/2023,Lisa Wilson,CU-10038,Deluxe Bookcases D,Furniture,South,5,3808.75,387.78,0
ORD-102412,09/26/2024,James Taylor,CU-10114,Ergonomic Phones C,Technology,West,4,2069.22,-31.64,0.2
ORD-102413,12/12/2024,Andrew Moore,CU-10001,Professional Labels F,Office Supplies,Central,5,2665.66,255.52,0.1
ORD-102414,12/17/2023,Ashley Davis,CU-10108,Eco Envelopes F,Office Supplies,South,10,6009.9,699.07,0
ORD-102415,05/10/2024,Sandra Robinson,CU-10030,Ergonomic Phones C,Technology,South,6,1637.66,614.44,0.3
ORD-102416,08/03/2023,Andrew Thompson,CU-10207,Premium Fasteners E,Office Supplies,Central,1,341.31,130.8,0.1
ORD-102417,11/01/2024,Lisa Clark,CU-10205,Executive Office Desks B,Furniture,Central,5,3835.9,-480.29,0
ORD-102418,06/30/2024,Donald Smith,CU-10148,Basic Bookcases C,Furniture,East,2,332.27,-18.76,0.2
ORD-102419,08/17/2024,Paul Lee,CU-10048,Premium Fasteners A,Office Supplies,South,12,4799.4,434.88,0
ORD-102420,05/15/2023,Steven White,CU-10153,Ergonomic Storage E,Office Supplies,East,2,1275.32,45.52,0
ORD-102421,04/28/2023,Emily Taylor,CU-10121,Deluxe Monitors C,Technology,West,12,7177.64,1031.85,0.15
ORD-102422,09/28/2023,Emily Sanchez,CU-10107,Standard Storage A,Office Supplies,West,6,3418.9,286.38,0.2
ORD-102423,05/10/2024,Andrew Thomas,CU-10047,Ergonomic Labels D,Office Supplies,West,5,2165.85,897.52,0
ORD-102424,05/12/2023,Thomas Jackson,CU-10115,Standard Storage A,Office Supplies,Central,9,6920.01,1223.52,0
ORD-102425,10/28/2024,Donna Jackson,CU-10052,Premium Bookcases E,Furniture,East,2,140.4,-7.56,0
ORD-102426,11/30/2023,Donald Martinez,CU-10084,Deluxe Tables A,Furniture,Central,10,2870.2,-301.03,0.15
ORD-102427,07/12/2024,Betty Brown,CU-10071,Ergonomic Binders E,Office Supplies,Central,1,88.07,6.09,0.1
ORD-102428,04/16/2024,Donald Martinez,CU-10104,Wireless Envelopes D,Office Supplies,Central,1,78.82,27.93,0.2
ORD-102429,09/07/2024,Charles Rodriguez,CU-10032,Executive Paper C,Office Supplies,West,3,405.36,18.12,0
ORD-102430,05/13/2023,Jessica Lopez,CU-10061,Premium Accessories D,Technology,South,7,4831.89,297.93,0
ORD-102431,07/27/2024,Robert Moore,CU-10173,Standard Copiers A,Technology,East,1,506.57,113.61,0
ORD-102432,02/15/2023,Mark Moore,CU-10019,Deluxe Furnishings A,Furniture,South,1,347.51,27.8,0
ORD-102433,02/27/2024,David Ramirez,CU-10036,Basic Fasteners F,Office Supplies,South,1,212.87,7.19,0
ORD-102434,02/06/2024,Margaret Lewis,CU-10181,Compact Storage C,Office Supplies,South,12,744.01,30.78,0.1
ORD-102435,05/27/2023,Richard Williams,CU-10198,Compact Furnishings C,Furniture,South,11,6036.91,173.53,0
ORD-102436,12/20/2023,Michelle Clark,CU-10013,Executive Office Desks B,Furniture,West,5,728.65,122.24,0
ORD-102437,07/08/2023,Richard Anderson,CU-10204,Basic Accessories F,Technology,Central,3,837.27,-3.01,0.1
ORD-102438,06/10/2023,Kimberly Martinez,CU-10068,Executive Bookcases F,Furniture,East,5,532.08,105.44,0.1
ORD-102439,02/20/2024,Sandra Ramirez,CU-10134,Ergonomic Accessories C,Technology,Central,2,619.43,197.41,0.3
ORD-102440,06/10/2023,Susan Sanchez,CU-10095,Wireless Binders F,Office Supplies,South,3,270.36,42.71,0.2
ORD-102441,09/17/2024,Andrew Miller,CU-10174,Wireless Binders F,Office Supplies,South,12,559.67,190.6,0.15
ORD-102442,08/08/2024,Donald Martinez,CU-10084,Ergonomic Furnishings E,Furniture,Central,9,3810.6,-118.12,0.2
ORD-102443,04/06/2023,Ashley Lewis,CU-10156,Compact Furnishings C,Furniture,East,3,2527.32,18.99,0
ORD-102444,02/19/2024,Michael Harris,CU-10172,Compact Binders D,Office Supplies,East,3,1564.69,103.28,0.3
ORD-102445,01/19/2023,Christopher Lee,CU-10060,Eco Office Desks D,Furniture,South,1,23.56,-0.79,0.3
ORD-102446,03/13/2024,Ashley Harris,CU-10152,Wireless Binders F,Office Supplies,West,9,2561.94,433.59,0
ORD-102447,01/04/2023,Robert Lewis,CU-10177,Compact Monitors F,Technology,West,9,1572.57,404.82,0
ORD-102448,11/29/2023,David Brown,CU-10086,Basic Art A,Office Supplies,South,7,3048.14,349.77,0.2
ORD-102449,10/22/2023,Kimberly Moore,CU-10195,Basic Paper D,Office Supplies,Central,5,2925.28,197.72,0.2
ORD-102450,12/17/2024,Michael Davis,CU-10175,Standard Copiers A,Technology,East,4,456.05,54.69,0.1
ORD-102451,12/30/2023,Ashley Clark,CU-10196,Deluxe Office Desks A,Furniture,East,5,2401.15,564.15,0
ORD-102452,07/30/2023,Emily Sanchez,CU-10107,Executive Monitors E,Technology,East,6,4273.38,1579.77,0
ORD-102453,12/12/2023,James Ramirez,CU-10075,Professional Copiers F,Technology,East,12,4931.56,1389.4,0.3
ORD-102454,08/11/2023,John Lopez,CU-10096,Ergonomic Copiers D,Technology,South,9,5972.98,1601.19,0.2
ORD-102455,04/17/2023,Anthony Sanchez,CU-10091,Executive Paper C,Office Supplies,East,5,3180.5,1034.88,0
ORD-102456,03/22/2023,Andrew Moore,CU-10001,Eco Art C,Office Supplies,West,3,1044.74,315.67,0.2
ORD-102457,07/07/2023,Margaret Brown,CU-10176,Wireless Supplies D,Office Supplies,South,3,138.7,54.33,0.2
ORD-102458,06/05/2023,Donald Martinez,CU-10104,Eco Phones E,Technology,East,11,3613.06,279.66,0
ORD-102459,01/16/2023,Kimberly Miller,CU-10083,Premium Copiers E,Technology,East,8,722.02,11.49,0.15
ORD-102460,06/14/2023,Donald Taylor,CU-10009,Premium Supplies F,Office Supplies,Central,5,2408.35,917.47,0
ORD-102461,06/28/2023,Richard Brown,CU-10155,Professional Sofas E,Furniture,South,11,3238.95,-302.73,0
ORD-102462,11/06/2024,Karen Thomas,CU-10144,Premium Supplies F,Office Supplies,South,1,126.33,29.19,0
ORD-102463,12/28/2023,Jessica Martin,CU-10040,Ergonomic Phones F,Technology,East,1,35.88,12.74,0
ORD-102464,08/03/2023,Barbara White,CU-10054,Compact Storage C,Office Supplies,Central,5,2560.1,502.13,0
ORD-102465,05/01/2023,Sandra Ramirez,CU-10087,Professional Supplies B,Office Supplies,East,2,1782.14,642.56,0
ORD-102466,07/29/2024,Karen Gonzalez,CU-10055,Ergonomic Machines A,Technology,East,7,232.35,43.72,0.15
ORD-102467,07/21/2023,Steven Harris,CU-10041,Premium Bookcases E,Furniture,Central,3,1411.98,239.27,0
ORD-102468,04/08/2023,Paul Thomas,CU-10090,Premium Sofas D,Furniture,East,3,1762.37,-130.43,0.1
ORD-102469,03/15/2023,Betty Jones,CU-10187,Wireless Chairs B,Furniture,South,7,3984.51,375.79,0.2
ORD-102470,01/04/2024,Robert Clark,CU-10123,Premium Sofas F,Furniture,South,6,3133.5,544.32,0
ORD-102471,05/16/2023,Sandra Ramirez,CU-10017,Executive Bookcases F,Furniture,West,11,5700.2,367.47,0.2
ORD-102472,10/21/2023,Sandra Garcia,CU-10197,Executive Furnishings D,Furniture,West,6,5348.76,262.33,0
ORD-102473,10/11/2024,Anthony Brown,CU-10213,Standard Labels A,Office Supplies,South,1,193.37,40.11,0.1
ORD-102474,03/29/2024,Mark Moore,CU-10019,Ergonomic Copiers D,Technology,West,10,5061.96,500.37,0.1
ORD-102475,08/21/2023,Nancy Smith,CU-10002,Deluxe Labels B,Office Supplies,East,4,2030.34,347.49,0.15
ORD-102476,05/18/2023,Andrew Thomas,CU-10047,Deluxe Labels E,Office Supplies,South,12,9186.6,2671.11,0
ORD-102477,10/10/2023,Joshua Moore,CU-10022,Premium Laptops F,Technology,West,3,1480.98,82.79,0
ORD-102478,11/03/2023,Sarah Anderson,CU-10119,Premium Chairs F,Furniture,East,11,1698.29,48.56,0
ORD-102479,05/01/2024,Richard Robinson,CU-10008,Premium Binders A,Office Supplies,South,12,1996.92,303.51,0
ORD-102480,09/15/2024,Donna Garcia,CU-10185,Standard Accessories B,Technology,West,3,1140.41,258.99,0.15
ORD-102481,02/03/2023,Kimberly Martinez,CU-10068,Professional Sofas E,Furniture,South,2,1084.16,-35.21,0
ORD-102482,08/27/2023,Lisa Johnson,CU-10007,Compact Monitors F,Technology,Central,12,3195.46,1034.07,0.15
ORD-102483,06/08/2024,Emily White,CU-10149,Eco Office Desks D,Furniture,East,4,2124.05,-83.05,0.15
ORD-102484,04/08/2023,Barbara White,CU-10054,Professional Tables F,Furniture,East,2,985.56,-33.91,0
ORD-102485,06/11/2023,Lisa Williams,CU-10200,Professional Art B,Office Supplies,East,9,4173.44,373.31,0.1
ORD-102486,11/28/2023,Richard Garcia,CU-10069,Standard Furnishings F,Furniture,South,3,174.29,-8.69,0.2
ORD-102487,09/07/2024,Emily Anderson,CU-10070,Compact Storage C,Office Supplies,East,8,433.12,143.65,0
ORD-102488,01/23/2023,Mark Miller,CU-10129,Basic Accessories F,Technology,East,12,2935.8,810.86,0
ORD-102489,11/04/2024,Emily Gonzalez,CU-10214,Executive Supplies E,Office Supplies,East,6,4732.45,508.84,0.1
ORD-102490,12/07/2023,Andrew Thompson,CU-10207,Executive Supplies A,Office Supplies,Central,2,1218.74,157.15,0
ORD-102491,07/14/2023,Emily Taylor,CU-10215,Basic Chairs D,Furniture,South,2,1336.54,316.13,0
ORD-102492,07/01/2024,Joseph White,CU-10018,Standard Copiers A,Technology,West,6,131.5,34.44,0.3
ORD-102493,01/14/2024,Thomas Jackson,CU-10115,Wireless Sofas B,Furniture,Central,12,7382.84,247.36,0.3
ORD-102494,11/12/2023,Anthony Sanchez,CU-10091,Basic Envelopes C,Office Supplies,East,12,8127.46,2798.77,0.2
ORD-102495,04/10/2023,Susan Thompson,CU-10145,Wireless Chairs B,Furniture,West,9,4741.85,774.31,0.2
ORD-102496,10/29/2024,Susan Sanchez,CU-10095,Basic Accessories F,Technology,West,12,5632.68,1342.23,0
ORD-102497,04/14/2024,Mary Martin,CU-10190,Ergonomic Accessories C,Technology,Central,3,1245.17,95.04,0.2
ORD-102498,11/18/2023,Joshua Moore,CU-10022,Ergonomic Copiers D,Technology,East,4,54.44,19.56,0
ORD-102499,10/14/2023,Sandra Martinez,CU-10004,Ergonomic Phones B,Technology,East,7,5416.43,16.15,0.1
ORD-102500,02/04/2024,Betty Brown,CU-10071,Premium Chairs F,Furniture,West,12,9559.44,1202.96,0
ORD-102501,06/23/2023,Christopher Martin,CU-10076,Basic Laptops A,Technology,South,6,1321.8,407.14,0
ORD-102502,10/30/2024,Jennifer Williams,CU-10113,Compact Monitors F,Technology,East,1,52.83,1.58,0
ORD-102503,10/21/2023,Joseph Davis,CU-10003,Ergonomic Art E,Office Supplies,South,7,1318.76,189.28,0.15
ORD-102504,12/26/2024,Karen Perez,CU-10057,Professional Tables D,Furniture,East,9,8091,930.06,0
ORD-102505,08/04/2024,Linda Jackson,CU-10180,Wireless Supplies D,Office Supplies,West,2,93,33.82,0
ORD-102506,06/02/2023,Linda Sanchez,CU-10077,Premium Binders A,Office Supplies,West,6,3070.98,112.83,0
ORD-102507,11/14/2024,Daniel Hernandez,CU-10100,Professional Paper F,Office Supplies,West,11,259.71,76.05,0
ORD-102508,06/13/2023,Michelle Taylor,CU-10088,Basic Bookcases C,Furniture,South,8,4336.64,800.21,0.3
ORD-102509,06/28/2023,Joseph Jackson,CU-10158,Professional Paper F,Office Supplies,South,12,8687.3,376.35,0.1
ORD-102510,11/15/2023,Donna Jackson,CU-10052,Executive Machines D,Technology,West,9,4367.98,609.88,0.3
ORD-102511,06/02/2024,William Martin,CU-10094,Compact Supplies C,Office Supplies,Central,4,1899,73.95,0.1
ORD-102512,02/26/2024,Sandra Rodriguez,CU-10021,Ergonomic Labels D,Office Supplies,South,5,2703.01,961.6,0.1
ORD-102513,09/28/2024,Mark Smith,CU-10184,Eco Paper B,Office Supplies,South,3,950.21,213.06,0.1
ORD-102514,02/15/2023,James Taylor,CU-10020,Basic Bookcases C,Furniture,Central,7,3677.07,-310.01,0.2
ORD-102515,03/23/2024,Susan Thompson,CU-10145,Wireless Art F,Office Supplies,East,12,6297.12,727.82,0
ORD-102516,07/09/2024,John Johnson,CU-10138,Deluxe Labels E,Office Supplies,East,6,4405.28,655.54,0.15
ORD-102517,05/09/2023,Robert Ramirez,CU-10074,Eco Paper B,Office Supplies,Central,11,1667.67,387.53,0.3
ORD-102518,07/05/2024,Andrew Thompson,CU-10207,Basic Storage D,Office Supplies,Central,4,723.62,184.16,0.2
ORD-102519,03/14/2023,Christopher Thompson,CU-10218,Executive Monitors A,Technology,West,6,735.3,139.66,0
ORD-102520,01/22/2023,Emily Gonzalez,CU-10214,Executive Office Desks B,Furniture,South,6,470.15,103.42,0.3
ORD-102521,04/08/2024,Mary Williams,CU-10151,Eco Envelopes F,Office Supplies,Central,10,6861.28,1709.36,0.15
ORD-102522,06/07/2023,Margaret Lewis,CU-10181,Professional Copiers C,Technology,West,6,701.03,229.07,0.1
ORD-102523,07/19/2023,Joseph Davis,CU-10003,Executive Furnishings D,Furniture,East,10,625.1,116.6,0
ORD-102524,03/08/2024,Jennifer Williams,CU-10113,Executive Bookcases F,Furniture,East,2,966.5,-13.95,0
ORD-102525,05/20/2024,John Lopez,CU-10096,Premium Bookcases E,Furniture,West,7,4615.74,-263.07,0.2
ORD-102526,02/03/2023,James Ramirez,CU-10075,Executive Supplies E,Office Supplies,West,7,4515.97,650.83,0.1
ORD-102527,10/01/2024,Barbara Garcia,CU-10078,Standard Furnishings F,Furniture,Central,12,9002.04,530.21,0
ORD-102528,03/24/2023,Jessica Martin,CU-10040,Wireless Monitors D,Technology,Central,11,7040.22,1282.49,0
ORD-102529,09/09/2023,Thomas Jackson,CU-10115,Executive Monitors E,Technology,East,5,542.81,140.31,0.3
ORD-102530,06/07/2024,David Gonzalez,CU-10159,Executive Copiers B,Technology,South,2,719.38,169.19,0
ORD-102531,06/20/2023,Donald Smith,CU-10154,Eco Phones E,Technology,West,2,134.73,43.48,0.1
ORD-102532,07/12/2024,Kimberly Miller,CU-10142,Premium Tables B,Furniture,West,4,1574.92,105.55,0
ORD-102533,07/12/2023,Patricia Ramirez,CU-10034,Standard Machines E,Technology,Central,7,3385.21,309.22,0.3
ORD-102534,11/25/2024,Richard Garcia,CU-10069,Standard Tables C,Furniture,South,1,248.94,58.51,0
ORD-102535,03/19/2024,Steven Lewis,CU-10015,Basic Machines F,Technology,West,9,2831.53,400.97,0.3
ORD-102536,06/03/2023,Susan Johnson,CU-10157,Basic Office Desks F,Furniture,East,6,4179.22,-379.85,0.1
ORD-102537,04/16/2023,Ashley Clark,CU-10027,Basic Accessories F,Technology,South,2,1719.02,86.51,0
ORD-102538,05/09/2024,James Ramirez,CU-10075,Standard Tables C,Furniture,South,2,619.82,-73.79,0.2
ORD-102539,03/25/2023,Michelle Wilson,CU-10111,Compact Binders D,Office Supplies,West,11,4250.75,414.45,0.2
ORD-102540,10/26/2024,Kimberly Miller,CU-10083,Basic Storage D,Office Supplies,Central,9,4832.92,295.47,0.3
ORD-102541,12/06/2023,Michelle Smith,CU-10160,Basic Chairs D,Furniture,South,2,1097.74,269.47,0
ORD-102542,03/12/2023,Patricia Brown,CU-10208,Premium Copiers E,Technology,Central,8,2391.12,435.35,0.1
ORD-102543,12/13/2024,Andrew Anderson,CU-10124,Professional Sofas E,Furniture,South,7,248.79,26.31,0.1
ORD-102544,03/16/2024,Christopher Lee,CU-10060,Standard Copiers A,Technology,East,2,540.13,91.71,0.1
ORD-102545,01/04/2023,Sandra Thomas,CU-10042,Standard Machines E,Technology,East,7,3072.5,484.46,0.3
ORD-102546,07/19/2024,William Lewis,CU-10209,Professional Tables E,Furniture,East,1,459.28,70.15,0
ORD-102547,12/26/2024,Sarah White,CU-10193,Professional Art B,Office Supplies,Central,10,3258.72,1253.76,0.2
ORD-102548,10/29/2024,Emily Anderson,CU-10070,Compact Bookcases B,Furniture,Central,2,376.04,65.97,0.1
ORD-102549,12/21/2024,Christopher Martin,CU-10076,Deluxe Monitors B,Technology,South,7,4775.19,755.92,0
ORD-102550,08/08/2024,Andrew Moore,CU-10001,Standard Machines E,Technology,East,6,377.58,141.77,0.3
ORD-102551,07/01/2023,Sarah Anderson,CU-10063,Eco Chairs E,Furniture,West,6,4753.8,110.55,0
ORD-102552,09/27/2023,John Lopez,CU-10162,Deluxe Envelopes E,Office Supplies,South,11,5607.58,854.58,0
ORD-102553,06/20/2023,Barbara White,CU-10054,Compact Storage B,Office Supplies,East,3,1311.36,268.3,0
ORD-102554,07/04/2024,Mary Williams,CU-10151,Basic Envelopes C,Office Supplies,East,8,3566.8,517.1,0
ORD-102555,03/24/2024,Donald Smith,CU-10148,Ergonomic Furnishings E,Furniture,East,4,2440.32,-233.55,0
ORD-102556,12/07/2023,Patricia Davis,CU-10101,Professional Tables F,Furniture,East,11,7649.73,200.28,0.1
ORD-102557,10/27/2023,Lisa Johnson,CU-10007,Basic Fasteners F,Office Supplies,South,5,3565.71,175.65,0.15
ORD-102558,12/29/2024,Donald Smith,CU-10148,Ergonomic Labels D,Office Supplies,West,2,281.16,41.67,0.3
ORD-102559,12/10/2023,Richard Robinson,CU-10008,Standard Furnishings B,Furniture,Central,9,2496.53,366.76,0.2
ORD-102560,06/16/2024,Sandra Ramirez,CU-10017,Professional Tables F,Furniture,Central,7,910.84,73.92,0.2
ORD-102561,02/23/2024,Mark Moore,CU-10019,Professional Supplies B,Office Supplies,Central,7,1550.42,83,0.2
ORD-102562,06/16/2023,Margaret Brown,CU-10176,Basic Paper D,Office Supplies,Central,3,1764.6,651.94,0
ORD-102563,01/30/2023,Joseph Davis,CU-10003,Executive Supplies A,Office Supplies,Central,9,5339.12,229.61,0.3
ORD-102564,09/13/2023,Charles Smith,CU-10112,Eco Paper B,Office Supplies,West,4,2157.89,43.51,0.2
ORD-102565,05/02/2024,Sandra Robinson,CU-10030,Basic Paper D,Office Supplies,East,8,3240.56,807.21,0
ORD-102566,01/17/2024,Paul Jones,CU-10118,Executive Supplies A,Office Supplies,Central,3,484.27,71.45,0.2
ORD-102567,08/01/2023,Emily Taylor,CU-10121,Wireless Chairs B,Furniture,South,6,3284.64,70.63,0
ORD-102568,02/03/2023,Donald Taylor,CU-10009,Standard Laptops B,Technology,East,8,1485.19,336.35,0.15
ORD-102569,08/19/2024,Karen Clark,CU-10103,Ergonomic Copiers D,Technology,South,8,6535.84,693.54,0
ORD-102570,01/10/2024,John Clark,CU-10120,Premium Sofas F,Furniture,West,5,551.72,-59.88,0.2
ORD-102571,03/25/2023,Elizabeth Martinez,CU-10122,Basic Storage D,Office Supplies,East,2,233.28,25.9,0.1
ORD-102572,08/22/2024,Ashley Martin,CU-10116,Deluxe Office Desks C,Furniture,South,11,4378.47,1084.73,0.1
ORD-102573,08/27/2024,Christopher Rodriguez,CU-10183,Compact Binders D,Office Supplies,Central,11,9387.29,2743.75,0
ORD-102574,01/10/2023,Anthony Brown,CU-10025,Deluxe Monitors B,Technology,East,6,4176.9,1280.89,0
ORD-102575,02/16/2023,Karen Johnson,CU-10110,Executive Machines D,Technology,East,2,134.39,3.41,0.1
ORD-102576,07/22/2023,Thomas Miller,CU-10035,Eco Chairs E,Furniture,South,11,3206.39,798.93,0
ORD-102577,08/21/2024,Margaret Lewis,CU-10181,Professional Phones A,Technology,Central,8,2708.67,941.3,0.2
ORD-102578,07/25/2023,Susan Thompson,CU-10145,Wireless Binders F,Office Supplies,East,9,1204.13,113.66,0.2
ORD-102579,09/09/2023,Ashley Davis,CU-10108,Standard Laptops B,Technology,West,3,905.56,61.07,0.3
ORD-102580,10/08/2024,Joshua Martinez,CU-10011,Standard Tables C,Furniture,South,11,5468.1,186.9,0
ORD-102581,01/27/2024,John Brown,CU-10097,Wireless Envelopes D,Office Supplies,South,5,2149.9,269.81,0
ORD-102582,01/23/2024,Christopher Garcia,CU-10165,Ergonomic Accessories E,Technology,South,2,1500.26,401.75,0.1
ORD-102583,03/22/2023,Lisa Johnson,CU-10007,Deluxe Chairs A,Furniture,South,6,1978.44,141.42,0
ORD-102584,03/18/2024,Robert Clark,CU-10123,Wireless Art F,Office Supplies,South,1,70.2,12.33,0.3
ORD-102585,08/12/2023,Karen Johnson,CU-10110,Executive Monitors E,Technology,West,3,740.19,238.64,0.15
ORD-102586,08/19/2024,Sandra Thomas,CU-10014,Standard Accessories B,Technology,West,1,61.1,2.59,0.1
ORD-102587,07/15/2024,Karen Thomas,CU-10144,Basic Art A,Office Supplies,East,8,5850.58,2086.66,0.1
ORD-102588,03/05/2024,David Brown,CU-10086,Standard Furnishings F,Furniture,West,7,2397.57,214.49,0.3
ORD-102589,02/20/2024,Thomas Rodriguez,CU-10170,Premium Binders A,Office Supplies,East,11,1473.42,172.68,0.1
ORD-102590,08/18/2024,Donald Jones,CU-10199,Ergonomic Art E,Office Supplies,South,1,497.84,182.63,0
ORD-102591,08/10/2024,Barbara Rodriguez,CU-10080,Premium Bookcases E,Furniture,Central,3,508.81,88.11,0.1
ORD-102592,12/09/2024,Mary Rodriguez,CU-10132,Deluxe Accessories A,Technology,Central,1,105.63,31.78,0
ORD-102593,06/30/2023,James Hernandez,CU-10053,Wireless Monitors D,Technology,Central,12,2047.78,554.05,0.2
ORD-102594,01/21/2024,Jennifer Harris,CU-10161,Basic Art A,Office Supplies,East,8,1316.73,356.17,0.3
ORD-102595,03/17/2024,Susan Thompson,CU-10145,Professional Sofas E,Furniture,Central,2,1118.5,-38.84,0.2
ORD-102596,12/09/2024,Anthony Brown,CU-10213,Wireless Art F,Office Supplies,East,5,358.89,50.88,0.3
ORD-102597,08/24/2023,Susan Sanchez,CU-10095,Standard Labels A,Office Supplies,East,4,226.28,87.83,0
ORD-102598,04/20/2023,Matthew Lee,CU-10072,Basic Accessories F,Technology,West,3,1019.03,294.34,0.15
ORD-102599,08/01/2023,Joshua Jackson,CU-10168,Eco Art C,Office Supplies,Central,11,4865.37,1166.34,0.15
ORD-102600,01/23/2024,Linda Lewis,CU-10141,Compact Supplies C,Office Supplies,West,6,3823.98,102.08,0
ORD-102601,03/04/2023,Matthew Johnson,CU-10171,Professional Bookcases A,Furniture,Central,5,879.45,39.34,0.3
ORD-102602,01/25/2024,Anthony Sanchez,CU-10210,Basic Paper E,Office Supplies,West,7,856.27,177.38,0.3
ORD-102603,11/30/2023,Barbara Gonzalez,CU-10064,Compact Fasteners D,Office Supplies,South,8,2303.74,474.29,0.2
ORD-102604,05/04/2024,James Robinson,CU-10130,Deluxe Sofas A,Furniture,Central,3,157.12,-20.1,0.3
ORD-102605,06/08/2024,Andrew Moore,CU-10001,Basic Storage D,Office Supplies,West,9,7492.23,2014.37,0
ORD-102606,07/19/2024,Linda Jackson,CU-10180,Professional Labels F,Office Supplies,South,1,331.44,106.43,0.1
ORD-102607,11/21/2024,Karen Thomas,CU-10144,Standard Laptops B,Technology,West,11,280.87,100.4,0.15
ORD-102608,12/02/2023,Patricia Ramirez,CU-10034,Ergonomic Accessories C,Technology,Central,3,598.34,12.73,0.2
ORD-102609,12/10/2024,Joseph Jackson,CU-10158,Executive Laptops E,Technology,South,9,4207.27,224.44,0.15
ORD-102610,01/28/2024,Andrew Lee,CU-10217,Basic Machines F,Technology,West,6,4789.58,1306.26,0.1
ORD-102611,06/26/2023,John Johnson,CU-10138,Premium Chairs F,Furniture,East,4,201.56,36.21,0
ORD-102612,04/22/2023,Linda Lopez,CU-10164,Executive Machines D,Technology,West,6,3912.72,1064.77,0.2
ORD-102613,04/21/2023,John Lopez,CU-10162,Ergonomic Phones B,Technology,South,7,2213.12,742.68,0
ORD-102614,03/09/2024,James Ramirez,CU-10075,Standard Copiers A,Technology,South,6,1016.52,231.12,0
ORD-102615,04/23/2023,Betty Sanchez,CU-10026,Ergonomic Accessories E,Technology,Central,12,7479.97,1404.14,0.1
ORD-102616,05/18/2024,Steven Robinson,CU-10186,Deluxe Art D,Office Supplies,South,9,4654.5,1418.77,0.3
ORD-102617,08/09/2024,Christopher Martin,CU-10076,Executive Laptops E,Technology,West,8,2954.06,163.24,0.15
ORD-102618,08/30/2024,Ashley Harris,CU-10152,Basic Storage D,Office Supplies,East,9,1469.88,154.92,0
ORD-102619,09/10/2024,Lisa Johnson,CU-10007,Executive Machines D,Technology,East,5,3593,811.52,0
ORD-102620,06/20/2024,Linda Robinson,CU-10024,Premium Accessories D,Technology,Central,12,6394.03,2099.31,0.1
ORD-102621,04/25/2024,Daniel Hernandez,CU-10100,Standard Machines E,Technology,West,7,698.88,151.11,0
ORD-102622,07/12/2024,Andrew Miller,CU-10174,Standard Binders B,Office Supplies,West,10,3042.6,295.33,0
ORD-102623,11/25/2024,Anthony Sanchez,CU-10210,Executive Monitors A,Technology,West,10,6102.99,830.56,0.1
ORD-102624,04/04/2023,Patricia Hernandez,CU-10143,Premium Fasteners E,Office Supplies,South,1,537.49,199.46,0
ORD-102625,02/19/2023,Charles Smith,CU-10112,Eco Office Desks D,Furniture,South,11,8260.56,409.89,0.1
ORD-102626,08/05/2024,Joshua Rodriguez,CU-10089,Standard Labels A,Office Supplies,West,7,2808.05,819.34,0
ORD-102627,08/02/2023,Patricia Ramirez,CU-10034,Eco Envelopes F,Office Supplies,West,12,10158.24,1409.82,0
ORD-102628,09/20/2023,Anthony Sanchez,CU-10210,Compact Bookcases B,Furniture,South,4,322.98,77.62,0.3
ORD-102629,05/28/2023,Sandra Thomas,CU-10014,Premium Accessories D,Technology,East,12,208.59,36.56,0.15
ORD-102630,03/14/2024,Ashley Harris,CU-10152,Standard Storage A,Office Supplies,East,5,133.85,45.32,0
ORD-102631,12/09/2024,Mark Miller,CU-10129,Deluxe Office Desks C,Furniture,Central,6,73.56,-0.86,0
ORD-102632,02/17/2024,Anthony Brown,CU-10025,Deluxe Office Desks C,Furniture,East,7,811.38,-66.01,0.2
ORD-102633,08/15/2024,Thomas Martin,CU-10085,Executive Monitors E,Technology,South,9,1628.01,339.82,0
ORD-102634,12/26/2023,Charles Smith,CU-10112,Professional Sofas E,Furniture,East,12,7395.52,-611.11,0.1
ORD-102635,01/29/2023,Barbara White,CU-10054,Basic Machines F,Technology,East,3,1296.93,257.33,0
ORD-102636,01/19/2023,Ashley Lewis,CU-10156,Executive Monitors E,Technology,East,8,2998.94,303.23,0.1
ORD-102637,10/28/2023,Mary Jackson,CU-10010,Premium Sofas D,Furniture,Central,6,3775.36,439.55,0.1
ORD-102638,10/24/2023,James White,CU-10179,Standard Furnishings F,Furniture,East,3,909.67,-2.21,0.2
ORD-102639,09/24/2024,Charles Smith,CU-10112,Professional Sofas E,Furniture,Central,1,82.22,20.26,0.1
ORD-102640,04/25/2023,John Thompson,CU-10206,Basic Office Desks E,Furniture,Central,3,25.7,-2.84,0.1
ORD-102641,03/06/2023,Charles Davis,CU-10191,Eco Envelopes A,Office Supplies,West,10,1018.96,26.28,0.2
ORD-102642,12/02/2023,Robert Moore,CU-10173,Executive Bookcases F,Furniture,South,6,850.18,94.84,0.2
ORD-102643,11/05/2024,Christopher Clark,CU-10099,Ergonomic Copiers D,Technology,East,9,238.06,11.09,0.1
ORD-102644,07/30/2024,Christopher Rodriguez,CU-10183,Compact Supplies C,Office Supplies,East,6,4417.67,1718.61,0.15
ORD-102645,12/20/2023,Christopher Jones,CU-10029,Compact Fasteners D,Office Supplies,South,11,5641.68,1002.12,0
ORD-102646,10/25/2024,John Lopez,CU-10096,Professional Paper F,Office Supplies,Central,6,220.74,84.4,0
ORD-102647,08/31/2024,Betty Sanchez,CU-10026,Professional Sofas E,Furniture,East,3,528.51,24.78,0.3
ORD-102648,11/01/2023,Michael Davis,CU-10175,Basic Envelopes B,Office Supplies,South,9,4657.05,679.63,0
ORD-102649,03/02/2023,James Hernandez,CU-10053,Standard Labels A,Office Supplies,West,9,1557,61.49,0.15
ORD-102650,09/13/2023,Nancy Smith,CU-10002,Wireless Sofas C,Furniture,South,7,133.7,-10.43,0
ORD-102651,03/04/2023,Sandra Robinson,CU-10030,Professional Tables F,Furniture,South,8,3685.31,613.98,0.2
ORD-102652,08/17/2023,John Brown,CU-10097,Compact Binders D,Office Supplies,Central,8,3460,1448.05,0
ORD-102653,10/11/2023,Paul Gonzalez,CU-10133,Executive Supplies A,Office Supplies,East,12,2589.24,955.73,0
ORD-102654,08/25/2024,John Brown,CU-10097,Executive Monitors A,Technology,South,9,1046.52,-13.92,0.1
ORD-102655,02/13/2024,Steven Thompson,CU-10079,Compact Bookcases B,Furniture,West,11,3930.4,-60.25,0.1
ORD-102656,07/21/2023,Kimberly Miller,CU-10142,Professional Sofas E,Furniture,West,8,4372.7,813.72,0.1
ORD-102657,11/06/2024,Karen Gonzalez,CU-10055,Executive Office Desks B,Furniture,Central,2,1150.42,264.64,0
ORD-102658,12/08/2024,Joshua Rodriguez,CU-10089,Deluxe Labels B,Office Supplies,Central,5,2419.88,484.48,0.2
ORD-102659,01/23/2024,Robert Harris,CU-10045,Eco Art C,Office Supplies,South,4,2717.38,340.37,0.2
ORD-102660,06/14/2024,William Gonzalez,CU-10059,Deluxe Office Desks C,Furniture,South,5,2155.5,499.86,0
ORD-102661,05/18/2023,Christopher Garcia,CU-10165,Professional Art B,Office Supplies,West,2,118.39,31.55,0.15
ORD-102662,05/14/2024,Paul Brown,CU-10056,Standard Binders B,Office Supplies,Central,4,1425.14,376.48,0.3
ORD-102663,12/10/2023,Lisa Wilson,CU-10038,Professional Sofas E,Furniture,West,9,6140.34,-355.12,0
ORD-102664,08/14/2024,Sarah Anderson,CU-10063,Premium Copiers E,Technology,West,4,797.52,294.54,0.3
ORD-102665,12/02/2023,Matthew Martinez,CU-10125,Basic Accessories F,Technology,South,3,139.48,46.6,0.3
ORD-102666,07/19/2024,Patricia Ramirez,CU-10034,Deluxe Office Desks C,Furniture,West,11,6308.17,1227.01,0
ORD-102667,12/22/2024,John Thompson,CU-10206,Standard Laptops B,Technology,East,12,6763.44,493.2,0
ORD-102668,03/10/2023,Emily White,CU-10149,Premium Accessories D,Technology,South,2,457.28,6.5,0.3
ORD-102669,03/29/2024,Steven Martinez,CU-10194,Wireless Art F,Office Supplies,Central,7,3919.26,436.53,0.3
ORD-102670,09/07/2024,Sandra Thomas,CU-10014,Ergonomic Storage E,Office Supplies,South,6,2255.99,657.62,0.3
ORD-102671,02/10/2024,Susan Johnson,CU-10157,Deluxe Tables A,Furniture,South,4,2849.68,655.94,0
ORD-102672,12/16/2024,David Gonzalez,CU-10159,Premium Accessories D,Technology,Central,2,1195.66,160.21,0.2
ORD-102673,08/15/2024,Paul Gonzalez,CU-10133,Premium Chairs F,Furniture,South,5,3119.2,268.82,0.3
ORD-102674,02/01/2023,John Moore,CU-10031,Standard Binders C,Office Supplies,Central,2,719.42,276.93,0
ORD-102675,10/04/2024,John Brown,CU-10097,Executive Laptops C,Technology,West,10,891.9,-16.41,0.1
ORD-102676,02/05/2024,Mary Jackson,CU-10010,Eco Office Desks D,Furniture,South,4,132.19,27.89,0.2
ORD-102677,12/12/2023,Donna Garcia,CU-10185,Standard Binders C,Office Supplies,South,9,2977.82,276.56,0.3
ORD-102678,10/25/2023,Ashley Rodriguez,CU-10137,Compact Monitors F,Technology,East,10,126.54,2.41,0.1
ORD-102679,09/04/2023,Charles Lee,CU-10202,Basic Paper D,Office Supplies,Central,10,299.5,13.18,0
ORD-102680,03/29/2023,Michelle Taylor,CU-10088,Executive Office Desks B,Furniture,East,5,1558.8,-147.43,0.1
ORD-102681,09/30/2023,Richard Garcia,CU-10069,Executive Machines D,Technology,South,11,249.48,18.58,0.1
ORD-102682,10/30/2023,Steven Robinson,CU-10186,Deluxe Fasteners C,Office Supplies,Central,6,3331.8,868.18,0
ORD-102683,04/17/2024,James Taylor,CU-10020,Premium Chairs F,Furniture,West,9,301.27,-19.56,0.3
ORD-102684,07/25/2023,Joshua Anderson,CU-10049,Basic Office Desks F,Furniture,Central,10,5259.69,554.17,0.1
ORD-102685,01/22/2023,Joseph Davis,CU-10003,Standard Labels A,Office Supplies,East,4,918.61,250.43,0.15
ORD-102686,07/10/2023,John Lopez,CU-10162,Basic Envelopes C,Office Supplies,West,8,6471.68,1831.56,0
ORD-102687,04/23/2023,Steven Martinez,CU-10194,Deluxe Monitors C,Technology,Central,2,47.39,16.73,0.3
ORD-102688,03/13/2024,Paul Thomas,CU-10090,Deluxe Labels B,Office Supplies,East,1,270.44,98.14,0
ORD-102689,10/19/2023,John Miller,CU-10189,Deluxe Monitors C,Technology,West,10,1284.8,90.06,0
ORD-102690,05/31/2024,Thomas Jackson,CU-10115,Standard Binders C,Office Supplies,Central,3,211.34,48.72,0.2
ORD-102691,06/24/2023,Ashley Davis,CU-10108,Basic Labels C,Office Supplies,Central,4,2778.8,1137.9,0
ORD-102692,01/18/2023,David Ramirez,CU-10036,Premium Fasteners A,Office Supplies,South,5,2272.06,499.11,0.3
ORD-102693,03/23/2024,Michelle Ramirez,CU-10028,Basic Fasteners F,Office Supplies,South,4,576.32,209.29,0
ORD-102694,12/10/2024,Donna Garcia,CU-10185,Ergonomic Accessories C,Technology,West,11,792.22,31.03,0
ORD-102695,05/16/2023,Kimberly Martinez,CU-10068,Premium Tables B,Furniture,West,10,2337.28,-80.21,0.2
ORD-102696,09/24/2023,Donald Smith,CU-10154,Executive Paper C,Office Supplies,West,9,3773.95,1016.83,0.1
ORD-102697,02/19/2024,Joshua Anderson,CU-10049,Premium Bookcases E,Furniture,South,11,6880.38,-881.87,0.15
ORD-102698,02/16/2023,Christopher Williams,CU-10039,Deluxe Labels B,Office Supplies,South,12,5500.32,870.72,0.3
ORD-102699,03/17/2023,Lisa Johnson,CU-10007,Standard Copiers A,Technology,East,4,1376.48,237.87,0.3
ORD-102700,08/29/2023,Betty Sanchez,CU-10026,Basic Machines F,Technology,South,12,4017.48,1506.74,0
ORD-102701,03/25/2024,Nancy Martin,CU-10216,Professional Sofas E,Furniture,South,3,854.11,-65.71,0.2
ORD-102702,08/18/2023,Paul Thomas,CU-10090,Basic Fasteners F,Office Supplies,Central,8,5849.6,967.79,0
ORD-102703,05/25/2024,Susan Thompson,CU-10145,Wireless Machines C,Technology,East,8,4956.08,1179.42,0
ORD-102704,06/12/2023,Matthew Johnson,CU-10171,Basic Storage D,Office Supplies,West,4,294.22,79.1,0.3
ORD-102705,10/22/2024,Linda Jackson,CU-10180,Premium Chairs F,Furniture,East,11,5939.32,493.71,0.3
ORD-102706,11/28/2024,Linda Johnson,CU-10211,Deluxe Office Desks A,Furniture,West,2,1083.5,177.64,0.2
ORD-102707,08/13/2023,Anthony Brown,CU-10025,Wireless Art F,Office Supplies,South,5,1881.16,511.93,0.2
ORD-102708,12/28/2023,Nancy Smith,CU-10002,Professional Copiers C,Technology,West,11,4044.27,1495.06,0.3
ORD-102709,10/24/2024,Susan White,CU-10082,Wireless Monitors D,Technology,West,10,7617.36,1577.08,0.15
ORD-102710,05/14/2024,Robert Moore,CU-10173,Eco Fasteners B,Office Supplies,West,4,640.84,138.67,0
ORD-102711,07/07/2024,John Lopez,CU-10096,Professional Paper F,Office Supplies,West,2,1725.16,237.41,0
ORD-102712,10/27/2023,Emily Anderson,CU-10070,Premium Copiers E,Technology,East,10,1670.55,607.51,0.3
ORD-102713,06/10/2024,James Taylor,CU-10114,Eco Chairs E,Furniture,Central,9,4743.14,78.18,0.3
ORD-102714,06/22/2024,Joshua Rodriguez,CU-10089,Compact Supplies C,Office Supplies,Central,9,4062.69,600.12,0
ORD-102715,03/18/2024,Paul Hernandez,CU-10127,Wireless Supplies D,Office Supplies,West,6,187.49,25.82,0.1
ORD-102716,01/14/2023,Michael Harris,CU-10172,Executive Storage F,Office Supplies,Central,10,753.35,46.17,0.15
ORD-102717,12/27/2023,Susan Sanchez,CU-10095,Ergonomic Accessories C,Technology,West,11,4923.49,437.1,0
ORD-102718,07/05/2023,Emily Anderson,CU-10070,Standard Tables C,Furniture,West,6,4570.82,-255.29,0.15
ORD-102719,11/18/2023,Emily Anderson,CU-10070,Standard Machines E,Technology,East,8,1505.36,377.63,0
ORD-102720,02/13/2023,Michelle Taylor,CU-10088,Professional Laptops D,Technology,East,2,1601.96,583.72,0
ORD-102721,03/01/2024,Thomas Jackson,CU-10115,Deluxe Office Desks C,Furniture,West,5,450.63,-65.19,0.1
ORD-102722,09/27/2023,Joseph Martinez,CU-10051,Eco Chairs E,Furniture,West,11,1818.08,22.52,0.2
ORD-102723,07/23/2024,Steven Thompson,CU-10079,Ergonomic Phones F,Technology,West,7,4971.08,1097.51,0.1
ORD-102724,12/28/2023,Patricia Hernandez,CU-10143,Professional Tables D,Furniture,West,2,1332.16,171.19,0.1
ORD-102725,12/18/2023,Emily Taylor,CU-10215,Basic Machines F,Technology,Central,12,8302.68,822.72,0
ORD-102726,05/30/2023,Lisa Williams,CU-10200,Standard Storage A,Office Supplies,Central,10,4928,836,0
ORD-102727,06/07/2023,Sandra Thomas,CU-10014,Executive Monitors A,Technology,South,10,3238.9,76.87,0
ORD-102728,06/10/2024,Ashley Davis,CU-10108,Eco Phones E,Technology,Central,7,742.02,89.76,0.15
ORD-102729,07/23/2023,Sarah Jackson,CU-10033,Basic Paper E,Office Supplies,West,12,6119.93,2285.67,0.1
ORD-102730,07/02/2024,Joshua Martinez,CU-10011,Premium Supplies F,Office Supplies,Central,11,5504.3,169.47,0.1
ORD-102731,10/26/2023,John Johnson,CU-10138,Premium Tables B,Furniture,East,8,2032.24,77.14,0.3
ORD-102732,05/09/2023,James Taylor,CU-10020,Professional Laptops D,Technology,Central,8,2996.96,309.18,0.15
ORD-102733,07/05/2023,Christopher Jones,CU-10081,Deluxe Bookcases D,Furniture,Central,12,4728.92,-151.46,0.15
ORD-102734,07/04/2024,Linda Johnson,CU-10211,Basic Envelopes C,Office Supplies,Central,8,3187.84,436.11,0.15
ORD-102735,03/29/2023,Donna Thompson,CU-10037,Compact Furnishings C,Furniture,South,10,5000.13,597.81,0.15
ORD-102736,05/25/2023,Donald Martinez,CU-10084,Premium Sofas F,Furniture,South,5,4278.45,-459.61,0
ORD-102737,04/11/2023,Mark Miller,CU-10129,Compact Supplies C,Office Supplies,West,7,4198.01,1416.55,0.1
ORD-102738,04/20/2023,Linda Robinson,CU-10024,Wireless Binders F,Office Supplies,West,11,2044.84,672.28,0.15
ORD-102739,10/27/2023,Nancy Martin,CU-10216,Executive Monitors A,Technology,East,12,4238.88,507.73,0
ORD-102740,06/20/2023,Betty Hernandez,CU-10005,Basic Paper E,Office Supplies,West,10,5706.18,557,0.1
ORD-102741,07/31/2024,Emily Taylor,CU-10215,Executive Laptops E,Technology,West,6,177.72,23.84,0
ORD-102742,10/14/2023,Ashley Lewis,CU-10156,Deluxe Office Desks C,Furniture,West,8,804,16.19,0
ORD-102743,02/18/2024,Emily Gonzalez,CU-10214,Executive Copiers B,Technology,West,6,1076.34,224.19,0
ORD-102744,11/28/2024,Karen Thomas,CU-10144,Eco Envelopes A,Office Supplies,West,5,345.4,56,0
ORD-102745,07/25/2023,John Brown,CU-10097,Deluxe Furnishings A,Furniture,South,6,1649.54,46.03,0.1
ORD-102746,05/11/2023,Andrew Thomas,CU-10047,Premium Laptops F,Technology,West,9,6667.11,1472.35,0
ORD-102747,05/10/2023,Kimberly Rodriguez,CU-10136,Deluxe Monitors B,Technology,South,2,770.19,1.16,0.2
ORD-102748,10/17/2023,Thomas Martin,CU-10085,Professional Copiers F,Technology,Central,1,217.81,-1.83,0
ORD-102749,10/25/2024,John Brown,CU-10097,Compact Binders D,Office Supplies,South,1,15.3,0.73,0.3
ORD-102750,10/27/2023,Charles Lee,CU-10202,Deluxe Furnishings A,Furniture,South,5,38.6,6.7,0.3
ORD-102751,07/04/2023,Robert Harris,CU-10045,Ergonomic Storage E,Office Supplies,East,11,7673.82,1023.55,0
ORD-102752,01/06/2023,Patricia Brown,CU-10208,Wireless Art F,Office Supplies,West,9,5321.8,1328.47,0.3
ORD-102753,02/03/2024,Susan Thompson,CU-10145,Basic Paper E,Office Supplies,East,10,700.6,50.29,0
ORD-102754,09/20/2023,Sandra Martinez,CU-10004,Deluxe Labels B,Office Supplies,South,5,762.84,161.8,0.2
ORD-102755,10/12/2023,Nancy Smith,CU-10002,Executive Paper C,Office Supplies,East,4,895.92,344.87,0
ORD-102756,08/20/2024,Anthony Sanchez,CU-10046,Deluxe Furnishings A,Furniture,South,4,2194.86,-49.44,0.3
ORD-102757,03/03/2023,Mark Moore,CU-10019,Premium Fasteners A,Office Supplies,West,6,2230.91,734.51,0.3
ORD-102758,02/09/2023,Donna Garcia,CU-10185,Wireless Phones D,Technology,South,6,2107.52,251.59,0.15
ORD-102759,06/17/2024,James Taylor,CU-10020,Basic Office Desks E,Furniture,East,5,2669.17,326.32,0.3
ORD-102760,12/27/2024,Sandra Martinez,CU-10004,Executive Supplies A,Office Supplies,West,8,6451.28,2379.93,0
ORD-102761,03/16/2024,Ashley Clark,CU-10196,Ergonomic Phones F,Technology,South,9,4513.41,745.36,0
ORD-102762,08/27/2023,Betty Brown,CU-10071,Executive Office Desks B,Furniture,East,11,2045.43,434.51,0.3
ORD-102763,06/24/2023,John Miller,CU-10189,Professional Phones A,Technology,South,11,3195.32,323.63,0.1
ORD-102764,04/18/2024,James White,CU-10179,Basic Chairs D,Furniture,East,7,5442.85,-110.86,0
ORD-102765,10/31/2023,Jennifer Lee,CU-10065,Basic Envelopes B,Office Supplies,East,7,884.13,255.65,0.2
ORD-102766,08/07/2023,John Clark,CU-10120,Executive Bookcases F,Furniture,West,4,1576.8,-62.78,0.2
ORD-102767,08/16/2024,Anthony Johnson,CU-10093,Deluxe Office Desks C,Furniture,Central,9,7848.99,1634.12,0
ORD-102768,04/27/2024,John Johnson,CU-10138,Eco Paper B,Office Supplies,East,2,978.71,408.3,0.3
ORD-102769,01/17/2024,David Gonzalez,CU-10159,Premium Sofas F,Furniture,East,9,862.33,-32.67,0.1
ORD-102770,06/14/2024,Ashley Clark,CU-10027,Professional Tables F,Furniture,East,11,1711.6,-77.91,0
ORD-102771,04/17/2023,Mark Miller,CU-10129,Basic Office Desks F,Furniture,South,10,1162.04,135.54,0.15
ORD-102772,04/06/2024,Sandra Lopez,CU-10150,Standard Binders B,Office Supplies,Central,4,243.8,32.73,0
ORD-102773,09/21/2023,Donald Williams,CU-10006,Premium Fasteners E,Office Supplies,West,7,5986.26,1604.41,0
ORD-102774,10/29/2023,Linda Sanchez,CU-10077,Professional Tables D,Furniture,East,7,4304.94,475.28,0.3
ORD-102775,03/29/2023,Joshua Anderson,CU-10049,Executive Copiers B,Technology,East,11,599.39,211.24,0
ORD-102776,04/22/2023,Patricia Davis,CU-10101,Executive Monitors A,Technology,East,3,785.73,158.87,0
ORD-102777,06/10/2024,Charles Lee,CU-10202,Ergonomic Machines A,Technology,South,1,19.9,3.18,0.1
ORD-102778,03/05/2023,Richard Williams,CU-10198,Eco Envelopes A,Office Supplies,West,7,5964.35,1037.1,0
ORD-102779,01/19/2023,Robert Thomas,CU-10182,Eco Chairs E,Furniture,South,3,1534.23,45.8,0
ORD-102780,03/03/2024,Andrew Thomas,CU-10047,Basic Art A,Office Supplies,West,8,6328.3,553.09,0.1
ORD-102781,02/20/2024,Thomas Rodriguez,CU-10170,Eco Fasteners B,Office Supplies,South,3,2177.97,495.56,0
ORD-102782,08/28/2024,Sandra Ramirez,CU-10134,Ergonomic Storage E,Office Supplies,West,6,4459.19,1370.66,0.15
ORD-102783,01/03/2023,Sarah Jackson,CU-10033,Standard Chairs C,Furniture,West,2,249.55,-23.7,0.3
ORD-102784,11/17/2023,John Moore,CU-10031,Basic Accessories F,Technology,West,8,785.67,223.75,0.15
ORD-102785,01/18/2023,Donald Jones,CU-10199,Wireless Monitors D,Technology,South,4,1256,103.92,0.2
ORD-102786,08/19/2024,John Miller,CU-10189,Standard Chairs C,Furniture,Central,4,1069,152.55,0
ORD-102787,06/03/2024,Sandra Ramirez,CU-10087,Professional Sofas E,Furniture,East,5,1378.44,246.53,0.15
ORD-102788,02/16/2024,Richard Robinson,CU-10008,Compact Fasteners D,Office Supplies,West,9,8078.85,3006.93,0
ORD-102789,08/24/2023,Betty Hernandez,CU-10005,Compact Binders D,Office Supplies,South,7,4303.62,325.81,0.3
ORD-102790,09/25/2024,Ashley Clark,CU-10196,Standard Furnishings F,Furniture,East,11,3978.52,-287.9,0.15
ORD-102791,11/11/2023,Karen Clark,CU-10103,Professional Copiers F,Technology,Central,6,3537.53,280.7,0.3
ORD-102792,06/10/2023,Kimberly Martinez,CU-10068,Standard Storage A,Office Supplies,Central,6,1408.42,114.41,0.15
ORD-102793,11/30/2024,Andrew Lee,CU-10217,Standard Binders B,Office Supplies,South,8,5104.08,1955.67,0
ORD-102794,03/28/2023,Ashley Harris,CU-10152,Basic Fasteners F,Office Supplies,South,7,5098.52,662.36,0
ORD-102795,09/21/2023,Kimberly Miller,CU-10142,Deluxe Monitors C,Technology,Central,10,1864.52,625.18,0.3
ORD-102796,10/05/2023,Matthew Lee,CU-10072,Basic Fasteners F,Office Supplies,East,5,1062.6,244.83,0
ORD-102797,07/02/2024,Charles Smith,CU-10112,Professional Art B,Office Supplies,West,11,3611.32,92.81,0.1
ORD-102798,10/07/2024,Donna Jackson,CU-10052,Basic Art A,Office Supplies,South,8,5638.96,2254.73,0
ORD-102799,09/22/2024,Sandra Ramirez,CU-10087,Professional Laptops D,Technology,West,9,6636.83,1190.39,0.15
ORD-102800,10/17/2023,Sandra Martinez,CU-10004,Executive Paper C,Office Supplies,South,3,2462.16,266.79,0
ORD-102801,12/03/2023,Karen Perez,CU-10057,Executive Copiers B,Technology,Central,7,475.05,54.18,0.3
ORD-102802,07/25/2024,Linda Robinson,CU-10024,Eco Phones E,Technology,West,8,866.62,158.18,0.2
ORD-102803,08/07/2023,Richard Brown,CU-10155,Standard Tables C,Furniture,West,2,140.02,28.29,0
ORD-102804,03/08/2023,Charles Lewis,CU-10062,Professional Tables D,Furniture,Central,10,2685.4,-62.33,0
ORD-102805,11/13/2024,Sarah Davis,CU-10192,Standard Tables C,Furniture,South,9,5483.02,904.46,0.3
ORD-102806,04/18/2024,David Martin,CU-10067,Deluxe Labels E,Office Supplies,South,6,571.92,121.07,0
ORD-102807,12/18/2023,Steven Lewis,CU-10015,Basic Machines F,Technology,East,3,600.66,104.19,0.3
ORD-102808,03/20/2024,Paul Miller,CU-10105,Premium Laptops F,Technology,West,8,1132.38,360.81,0.3
ORD-102809,11/19/2023,Anthony Anderson,CU-10066,Basic Labels C,Office Supplies,West,5,4056.3,1623.9,0
ORD-102810,02/10/2023,Linda Smith,CU-10139,Executive Laptops E,Technology,Central,8,1681.2,124.48,0
ORD-102811,12/24/2024,Anthony Johnson,CU-10093,Standard Binders B,Office Supplies,East,3,998.3,60.47,0.15
ORD-102812,12/04/2024,Richard Garcia,CU-10069,Professional Tables E,Furniture,South,10,3307.78,738.79,0.3
ORD-102813,03/19/2024,John Brown,CU-10097,Professional Copiers F,Technology,Central,5,2095.8,563.01,0.15
ORD-102814,03/15/2024,Nancy Martin,CU-10216,Eco Envelopes F,Office Supplies,West,8,1410.32,482.79,0
ORD-102815,05/26/2024,Nancy Martin,CU-10216,Basic Chairs D,Furniture,West,8,360.4,5.98,0
ORD-102816,08/20/2024,Jessica Lopez,CU-10061,Eco Envelopes A,Office Supplies,West,7,2370.48,694.57,0.15
ORD-102817,01/11/2024,Robert Lewis,CU-10177,Wireless Sofas B,Furniture,South,7,3702.37,601.84,0
ORD-102818,07/01/2024,Jessica Lopez,CU-10061,Basic Office Desks F,Furniture,South,3,1150.63,54.15,0.1
ORD-102819,10/31/2024,Andrew Anderson,CU-10124,Compact Bookcases B,Furniture,East,4,2694.98,95.37,0.15
ORD-102820,04/13/2024,Ashley Robinson,CU-10166,Basic Accessories F,Technology,East,3,2114.31,17.26,0
ORD-102821,06/24/2024,William Lewis,CU-10209,Basic Laptops A,Technology,South,11,2695,166.67,0
ORD-102822,05/08/2023,Matthew Johnson,CU-10171,Deluxe Envelopes E,Office Supplies,West,6,1126.95,170.7,0.15
ORD-102823,05/21/2024,Charles Lee,CU-10202,Compact Supplies C,Office Supplies,Central,12,8536.64,1714.19,0.1
ORD-102824,02/27/2024,Patricia Davis,CU-10101,Professional Tables F,Furniture,West,9,6142.64,-557.02,0.1
ORD-102825,09/26/2023,Sarah Davis,CU-10192,Deluxe Bookcases D,Furniture,East,8,5157.07,-733.71,0.1
ORD-102826,06/24/2023,Donald Thompson,CU-10219,Deluxe Envelopes E,Office Supplies,South,10,7313.6,2092.86,0
ORD-102827,01/24/2024,Margaret Thomas,CU-10203,Compact Furnishings C,Furniture,South,1,634.58,99.9,0.2
ORD-102828,05/27/2023,Ashley Harris,CU-10152,Professional Phones A,Technology,Central,8,582.4,29.04,0.2
ORD-102829,07/26/2023,Patricia Brown,CU-10208,Premium Supplies F,Office Supplies,South,12,10303.56,2441.59,0
ORD-102830,01/14/2023,Michelle Jackson,CU-10131,Premium Copiers E,Technology,East,12,416.28,62.77,0
ORD-102831,01/30/2023,Susan Lopez,CU-10012,Standard Accessories B,Technology,East,10,5853.6,1108.6,0
ORD-102832,11/02/2024,Paul Brown,CU-10056,Deluxe Labels E,Office Supplies,South,4,1339.23,152.45,0.2
ORD-102833,02/11/2023,Betty Jones,CU-10187,Basic Storage D,Office Supplies,Central,10,3053.79,732.6,0.1
ORD-102834,07/05/2024,Christopher Clark,CU-10099,Executive Machines D,Technology,East,5,2209.45,826.44,0.1
ORD-102835,09/26/2024,Emily Anderson,CU-10163,Executive Machines D,Technology,West,3,2164.27,390.11,0.1
ORD-102836,04/28/2023,Christopher Williams,CU-10039,Compact Monitors F,Technology,West,11,4328.25,728.7,0.3
ORD-102837,12/21/2023,John Clark,CU-10120,Compact Fasteners D,Office Supplies,East,5,2446.3,952.1,0
ORD-102838,04/06/2023,Donald Martinez,CU-10102,Executive Supplies E,Office Supplies,East,1,332.98,106.46,0
ORD-102839,08/21/2023,Joshua Anderson,CU-10049,Deluxe Chairs A,Furniture,Central,6,657.02,150.92,0.2
ORD-102840,10/05/2023,Susan Johnson,CU-10157,Basic Machines F,Technology,West,5,3755.35,536.39,0
ORD-102841,08/17/2024,Donald Taylor,CU-10212,Basic Fasteners F,Office Supplies,West,10,2557.73,59.33,0.3
ORD-102842,11/07/2023,Richard Garcia,CU-10069,Premium Binders A,Office Supplies,East,12,7695.24,3188.77,0
ORD-102843,02/06/2023,Andrew Sanchez,CU-10128,Standard Binders B,Office Supplies,Central,4,1276.2,314.94,0
ORD-102844,02/04/2024,Betty Sanchez,CU-10026,Wireless Binders F,Office Supplies,East,2,386.82,121.42,0.3
ORD-102845,05/09/2024,Sarah Davis,CU-10192,Ergonomic Phones F,Technology,Central,5,1344.11,163.46,0.15
ORD-102846,07/17/2023,Richard Lewis,CU-10043,Standard Chairs C,Furniture,South,12,8161.43,-926.78,0.15
ORD-102847,02/23/2023,Thomas Perez,CU-10058,Professional Bookcases A,Furniture,South,8,4115.89,-522.35,0.3
ORD-102848,12/02/2023,Susan Lopez,CU-10012,Standard Furnishings B,Furniture,East,9,1634.98,1.18,0.1
ORD-102849,10/01/2023,William Gonzalez,CU-10059,Standard Binders B,Office Supplies,Central,9,3974.76,983.2,0.2
ORD-102850,08/02/2023,Steven Harris,CU-10041,Basic Labels C,Office Supplies,South,11,9189.95,2353.27,0
ORD-102851,11/19/2023,Christopher Rodriguez,CU-10183,Premium Chairs F,Furniture,East,4,2022.59,-277.41,0.1
ORD-102852,07/13/2023,Mary Rodriguez,CU-10132,Ergonomic Labels D,Office Supplies,West,2,645.89,118.31,0.1
ORD-102853,02/14/2023,Robert Thomas,CU-10182,Executive Monitors A,Technology,Central,2,673.47,138.11,0.2
ORD-102854,10/24/2023,Daniel Hernandez,CU-10100,Premium Sofas D,Furniture,West,2,1223.56,-32.32,0.3
ORD-102855,03/14/2024,Steven Clark,CU-10016,Professional Tables E,Furniture,East,9,1065.15,108.33,0.1
ORD-102856,07/03/2024,Steven Clark,CU-10016,Eco Envelopes F,Office Supplies,South,11,7653.16,496.36,0.15
ORD-102857,09/29/2023,Christopher Clark,CU-10099,Ergonomic Phones C,Technology,West,3,280.07,95.05,0.15
ORD-102858,06/16/2024,Steven Lewis,CU-10015,Professional Art B,Office Supplies,West,7,4382.35,810.1,0
ORD-102859,05/17/2024,Betty Brown,CU-10071,Wireless Art F,Office Supplies,South,8,4413.04,336.14,0
ORD-102860,06/14/2023,Michelle Smith,CU-10160,Ergonomic Art E,Office Supplies,South,5,2268.2,468.73,0
ORD-102861,09/14/2023,Joshua Moore,CU-10022,Executive Supplies A,Office Supplies,South,5,4354.15,1408.5,0
ORD-102862,07/09/2024,Sandra Thomas,CU-10042,Basic Envelopes B,Office Supplies,West,7,2980.15,204.99,0.2
ORD-102863,03/10/2024,Emily Taylor,CU-10215,Ergonomic Phones F,Technology,West,10,796.5,288.21,0
ORD-102864,04/26/2023,Betty Jones,CU-10187,Standard Chairs C,Furniture,Central,9,169.22,-16.09,0.3
ORD-102865,08/03/2024,Christopher Thompson,CU-10218,Wireless Envelopes D,Office Supplies,East,1,45.46,15.06,0.2
ORD-102866,11/15/2023,Ashley Lewis,CU-10156,Ergonomic Accessories E,Technology,Central,7,2104.01,197.99,0.3
ORD-102867,03/20/2024,Steven Martinez,CU-10050,Deluxe Monitors C,Technology,Central,12,6462.72,2186.64,0
ORD-102868,12/21/2024,Paul Jones,CU-10118,Deluxe Furnishings A,Furniture,West,10,1166.34,-55.35,0.3
ORD-102869,02/13/2024,Thomas Perez,CU-10058,Professional Laptops D,Technology,Central,3,1852.59,243.21,0
ORD-102870,04/23/2024,Nancy Martin,CU-10216,Executive Laptops C,Technology,East,5,3288.2,672.85,0.1
ORD-102871,07/22/2023,James Taylor,CU-10114,Professional Labels F,Office Supplies,South,4,598.48,83.32,0
ORD-102872,09/12/2023,Christopher Garcia,CU-10165,Premium Copiers E,Technology,East,7,5214.51,964.96,0.1
ORD-102873,11/30/2023,John Johnson,CU-10138,Premium Chairs F,Furniture,South,12,4336.56,-7.32,0
ORD-102874,09/13/2024,Mary Rodriguez,CU-10132,Professional Copiers C,Technology,West,4,852.41,166.45,0.15
ORD-102875,08/26/2024,Mary Martin,CU-10190,Standard Furnishings B,Furniture,Central,7,5254.62,-679.38,0
ORD-102876,04/18/2023,Anthony Brown,CU-10213,Basic Machines F,Technology,West,9,5817.1,798.81,0.1
ORD-102877,06/17/2024,Lisa Wilson,CU-10038,Standard Furnishings B,Furniture,West,11,3536.15,160.3,0.3
ORD-102878,07/19/2023,Paul Gonzalez,CU-10133,Basic Office Desks F,Furniture,South,10,3847.41,514.78,0.3
ORD-102879,08/11/2023,Nancy Martin,CU-10216,Premium Fasteners A,Office Supplies,Central,6,499.92,85.41,0
ORD-102880,08/11/2024,Andrew Anderson,CU-10124,Executive Laptops E,Technology,South,9,5059.8,202.1,0
ORD-102881,09/08/2023,James Taylor,CU-10114,Executive Bookcases F,Furniture,East,12,2105.96,505.82,0.3
ORD-102882,09/11/2024,Thomas Jackson,CU-10115,Professional Sofas E,Furniture,South,8,2610.8,215.29,0
ORD-102883,07/29/2024,Charles Garcia,CU-10147,Professional Paper F,Office Supplies,West,6,3001.62,829.61,0
ORD-102884,03/23/2023,Anthony Sanchez,CU-10091,Executive Storage F,Office Supplies,Central,12,5731.68,917.8,0
ORD-102885,08/04/2023,Michelle Jackson,CU-10131,Basic Office Desks E,Furniture,West,5,2593.65,316.01,0.15
ORD-102886,09/30/2023,Andrew Thompson,CU-10207,Standard Binders B,Office Supplies,South,8,411.76,83.48,0
ORD-102887,05/23/2023,Anthony Sanchez,CU-10046,Compact Monitors F,Technology,South,9,969.84,328.34,0
ORD-102888,10/16/2024,Karen Perez,CU-10057,Ergonomic Phones F,Technology,Central,5,1890.61,33.01,0.15
ORD-102889,09/11/2023,Karen Johnson,CU-10110,Executive Machines D,Technology,East,5,2312.52,554.76,0.2
ORD-102890,10/06/2024,Steven Martinez,CU-10050,Professional Sofas E,Furniture,Central,12,10431.24,-1207.18,0
ORD-102891,03/30/2023,Joseph White,CU-10018,Standard Tables C,Furniture,South,3,1207.06,-169.58,0.3
ORD-102892,04/20/2023,Emily Taylor,CU-10121,Ergonomic Machines A,Technology,Central,9,5893.7,627.61,0.2
ORD-102893,05/22/2023,James Ramirez,CU-10075,Standard Binders B,Office Supplies,Central,2,1351.24,259.06,0.15
ORD-102894,03/31/2024,Richard Williams,CU-10198,Basic Labels C,Office Supplies,Central,8,6186.88,1637.95,0
ORD-102895,09/07/2024,Karen Clark,CU-10103,Compact Storage B,Office Supplies,South,9,3304.71,532.01,0
ORD-102896,01/07/2024,Anthony Jackson,CU-10000,Standard Copiers A,Technology,South,9,3677.4,496.83,0
ORD-102897,04/16/2024,Joshua Martinez,CU-10011,Executive Laptops C,Technology,Central,1,46.1,-0.85,0
ORD-102898,11/29/2023,Sandra Ramirez,CU-10134,Basic Art A,Office Supplies,West,10,3309.21,291.16,0.1
ORD-102899,06/03/2023,Steven White,CU-10153,Eco Paper B,Office Supplies,South,9,4344.51,1746.02,0.15
ORD-102900,05/24/2024,Michael Davis,CU-10175,Executive Supplies A,Office Supplies,Central,9,5359.32,1457.74,0
ORD-102901,10/12/2024,Michael Davis,CU-10175,Deluxe Chairs A,Furniture,East,8,4576.45,235.79,0.2
ORD-102902,04/25/2023,Andrew Thomas,CU-10047,Deluxe Furnishings A,Furniture,East,1,483.76,37.46,0.3
ORD-102903,01/25/2023,Thomas Jackson,CU-10115,Premium Fasteners A,Office Supplies,West,8,5375.2,1881.12,0.15
ORD-102904,07/26/2023,Emily White,CU-10149,Ergonomic Furnishings E,Furniture,East,3,619.96,138.2,0.3
ORD-102905,02/24/2024,Linda Lewis,CU-10141,Wireless Art F,Office Supplies,East,7,3573.61,467.75,0.1
ORD-102906,11/16/2024,James Robinson,CU-10130,Professional Labels F,Office Supplies,East,3,1268.13,393.97,0.3
ORD-102907,10/15/2023,Andrew Sanchez,CU-10128,Deluxe Office Desks A,Furniture,East,7,1493.42,202.83,0.1
ORD-102908,02/06/2023,Karen Thomas,CU-10144,Deluxe Envelopes E,Office Supplies,West,6,426.22,47.68,0.3
ORD-102909,06/06/2023,Emily White,CU-10149,Deluxe Tables A,Furniture,Central,3,1163.43,169.9,0
ORD-102910,07/22/2023,Linda Jackson,CU-10180,Ergonomic Phones C,Technology,South,8,2980.51,842.23,0.15
ORD-102911,06/29/2024,Barbara Garcia,CU-10078,Deluxe Envelopes E,Office Supplies,South,3,1028.64,413.63,0.2
ORD-102912,06/20/2024,Paul Thomas,CU-10090,Executive Supplies A,Office Supplies,West,5,4449.3,1258.63,0
ORD-102913,12/10/2024,Sarah Anderson,CU-10119,Standard Accessories B,Technology,West,8,3187.91,326.75,0.3
ORD-102914,12/04/2023,Donald Smith,CU-10154,Executive Storage F,Office Supplies,East,2,125.9,20.91,0.2
ORD-102915,11/13/2024,Steven Martinez,CU-10194,Basic Office Desks F,Furniture,South,6,3054.7,25.11,0.3
ORD-102916,05/08/2023,Andrew Miller,CU-10174,Basic Envelopes B,Office Supplies,East,12,3048.62,150,0.1
ORD-102917,07/06/2024,John Brown,CU-10097,Executive Machines D,Technology,South,12,7485.59,593.49,0.1
ORD-102918,12/04/2024,David Ramirez,CU-10036,Wireless Paper A,Office Supplies,West,12,1972.68,770.96,0
ORD-102919,09/02/2024,Nancy Smith,CU-10002,Standard Furnishings B,Furniture,West,6,3400.98,-204.67,0
ORD-102920,10/09/2024,Christopher Williams,CU-10039,Executive Laptops E,Technology,West,6,4642.87,1379.52,0.1
ORD-102921,09/10/2023,Richard Lewis,CU-10043,Basic Envelopes B,Office Supplies,Central,2,1015.54,338.08,0
ORD-102922,10/03/2023,Jennifer Lee,CU-10065,Deluxe Art D,Office Supplies,South,1,464.63,98.8,0.3
ORD-102923,02/23/2024,Charles Garcia,CU-10147,Executive Bookcases F,Furniture,Central,9,6420.51,2.95,0
ORD-102924,08/09/2024,Patricia Davis,CU-10101,Basic Paper E,Office Supplies,South,10,5928.8,875.11,0
ORD-102925,02/08/2024,Andrew Moore,CU-10001,Premium Sofas D,Furniture,West,12,7164.28,-15.08,0.15
ORD-102926,02/12/2023,Anthony Anderson,CU-10066,Deluxe Accessories A,Technology,East,6,4957.86,449.15,0
ORD-102927,09/05/2023,Daniel Hernandez,CU-10100,Basic Labels C,Office Supplies,South,8,4091.49,1461.9,0.15
ORD-102928,10/09/2023,Charles Smith,CU-10112,Eco Phones E,Technology,West,6,1282.08,313.29,0
ORD-102929,02/13/2023,Emily Taylor,CU-10215,Wireless Machines B,Technology,East,12,6098.89,106.4,0.15
ORD-102930,03/20/2024,Jessica Lopez,CU-10061,Wireless Monitors D,Technology,West,12,9111.72,12.83,0
ORD-102931,09/08/2023,Linda Lewis,CU-10141,Wireless Phones D,Technology,East,8,5043.2,174.43,0
ORD-102932,07/11/2023,Lisa Johnson,CU-10007,Wireless Binders F,Office Supplies,South,8,2358.24,87.33,0
ORD-102933,07/07/2023,Michelle Wilson,CU-10111,Standard Binders B,Office Supplies,Central,3,181.05,64.35,0.15
ORD-102934,07/22/2023,Steven Robinson,CU-10186,Eco Office Desks D,Furniture,West,12,5323.68,-357.39,0.2
ORD-102935,11/02/2023,Barbara Rodriguez,CU-10080,Standard Laptops B,Technology,East,9,6008.4,1007.78,0
ORD-102936,04/24/2024,Kimberly Miller,CU-10083,Deluxe Accessories A,Technology,West,2,615.88,160.65,0
ORD-102937,08/01/2023,James Ramirez,CU-10075,Executive Laptops C,Technology,South,10,1561.2,466.65,0
ORD-102938,08/04/2023,Joshua Rodriguez,CU-10089,Premium Accessories D,Technology,Central,12,6941.18,1501.26,0.2
ORD-102939,04/20/2023,Margaret Brown,CU-10176,Ergonomic Binders E,Office Supplies,South,3,64.34,18.29,0.3
ORD-102940,09/09/2024,Lisa Clark,CU-10205,Basic Machines F,Technology,East,1,15.42,1.61,0
ORD-102941,01/03/2024,Paul Lee,CU-10048,Basic Office Desks F,Furniture,East,12,5011.32,328.25,0
ORD-102942,03/16/2023,Emily White,CU-10149,Standard Storage A,Office Supplies,South,4,474.28,115.4,0
ORD-102943,11/25/2024,John Thompson,CU-10206,Deluxe Accessories A,Technology,East,9,3613.25,1313.94,0.15
ORD-102944,12/22/2024,William Martin,CU-10094,Standard Binders B,Office Supplies,West,11,4753.52,1747.76,0.3
ORD-102945,02/21/2024,Paul Jones,CU-10118,Wireless Machines C,Technology,Central,12,2416.39,50,0.1
ORD-102946,01/18/2024,John Lopez,CU-10162,Eco Envelopes F,Office Supplies,Central,11,1288.34,338.61,0.15
ORD-102947,05/08/2023,Paul Thomas,CU-10090,Standard Furnishings F,Furniture,West,9,5671.46,-826.66,0.1
ORD-102948,04/06/2023,Charles Smith,CU-10112,Eco Envelopes F,Office Supplies,East,2,203.66,30.42,0
ORD-102949,08/30/2023,Andrew Lee,CU-10217,Executive Bookcases F,Furniture,Central,8,847.2,105.3,0
ORD-102950,02/12/2024,Linda Jackson,CU-10180,Deluxe Envelopes E,Office Supplies,West,3,214.51,68.48,0.15
ORD-102951,09/04/2023,Sarah Taylor,CU-10167,Ergonomic Copiers D,Technology,East,1,246.57,40.92,0.3
ORD-102952,07/23/2023,Lisa Williams,CU-10200,Eco Office Desks D,Furniture,East,1,772.92,85.6,0
ORD-102953,05/07/2024,Sarah Anderson,CU-10063,Premium Laptops F,Technology,Central,3,57.71,21.89,0.15
ORD-102954,01/22/2024,Margaret Lewis,CU-10181,Wireless Machines C,Technology,East,4,84.39,12.72,0.3
ORD-102955,12/27/2023,Ashley Clark,CU-10196,Eco Envelopes A,Office Supplies,West,10,5441.36,1462.62,0.2
ORD-102956,03/05/2023,Donald Smith,CU-10154,Ergonomic Labels D,Office Supplies,East,1,623.22,161.62,0.3
ORD-102957,03/10/2023,Betty Sanchez,CU-10026,Executive Office Desks B,Furniture,South,11,851.51,-16.8,0
ORD-102958,10/03/2023,Donna Jackson,CU-10052,Executive Laptops E,Technology,South,2,676,154.39,0.15
ORD-102959,03/10/2023,Lisa Martin,CU-10178,Wireless Binders F,Office Supplies,East,11,4820.66,1323.24,0.3
ORD-102960,09/23/2023,Sandra Garcia,CU-10197,Eco Art C,Office Supplies,East,2,1745.56,540.97,0
ORD-102961,05/05/2024,Mary Rodriguez,CU-10132,Professional Bookcases A,Furniture,West,7,1649.73,208.07,0.3
ORD-102962,04/13/2024,James Hernandez,CU-10053,Ergonomic Binders E,Office Supplies,East,9,5596.51,1175.57,0.15
ORD-102963,04/04/2023,Christopher Williams,CU-10039,Compact Storage C,Office Supplies,West,3,2133.06,220.28,0
ORD-102964,09/13/2023,John Lopez,CU-10096,Professional Tables F,Furniture,East,9,5610.46,-311.47,0.2
ORD-102965,11/06/2023,Margaret Lee,CU-10169,Standard Chairs C,Furniture,Central,10,4908.9,-442.44,0
ORD-102966,06/05/2023,Nancy Martin,CU-10216,Eco Envelopes F,Office Supplies,Central,11,4245.3,186.71,0.2
ORD-102967,12/03/2024,Barbara Rodriguez,CU-10080,Premium Sofas F,Furniture,Central,6,3542.7,-109.12,0
ORD-102968,06/12/2023,Steven White,CU-10153,Wireless Sofas B,Furniture,South,12,1522.58,59.67,0.3
ORD-102969,03/05/2024,David Martin,CU-10067,Professional Tables E,Furniture,South,7,3003.28,582.59,0
ORD-102970,06/03/2023,Michelle Smith,CU-10160,Eco Office Desks D,Furniture,Central,5,2467.8,468.29,0.1
ORD-102971,10/29/2024,Anthony Anderson,CU-10066,Compact Storage B,Office Supplies,South,3,62.7,21.39,0
ORD-102972,08/12/2023,Joseph White,CU-10018,Standard Chairs C,Furniture,Central,2,1409.07,226.1,0.2
ORD-102973,06/29/2024,Karen Johnson,CU-10110,Deluxe Monitors C,Technology,East,12,5309.5,1045.51,0.1
ORD-102974,08/27/2024,Sandra Rodriguez,CU-10021,Wireless Phones D,Technology,East,5,2507.54,642.65,0.3
ORD-102975,04/05/2023,Andrew Moore,CU-10117,Wireless Binders F,Office Supplies,Central,12,719.63,196.22,0.3
ORD-102976,02/18/2024,Margaret Thomas,CU-10203,Professional Phones A,Technology,East,3,977.24,54.31,0.15
ORD-102977,01/10/2024,Sandra Ramirez,CU-10087,Deluxe Tables A,Furniture,Central,7,5341.07,1138.97,0
ORD-102978,08/23/2023,Thomas Martin,CU-10085,Deluxe Office Desks A,Furniture,Central,6,1843.01,168.32,0.2
ORD-102979,05/27/2024,Donald Smith,CU-10148,Ergonomic Furnishings E,Furniture,East,2,1412.34,-176.89,0
ORD-102980,09/18/2023,John Brown,CU-10097,Executive Laptops E,Technology,South,1,194.61,13.58,0.15
ORD-102981,02/26/2024,Joseph Martinez,CU-10051,Professional Copiers F,Technology,Central,9,927.8,252.1,0.3
ORD-102982,02/02/2024,Daniel Taylor,CU-10044,Eco Phones E,Technology,Central,8,3495.92,678.15,0
ORD-102983,05/06/2024,Paul Lee,CU-10048,Ergonomic Phones F,Technology,South,3,491.52,25.47,0
ORD-102984,12/10/2023,Ashley Davis,CU-10108,Deluxe Envelopes E,Office Supplies,South,4,2296.22,712.5,0.15
ORD-102985,08/09/2023,Sandra Lopez,CU-10150,Executive Supplies A,Office Supplies,West,6,3972.13,949.28,0.1
ORD-102986,12/28/2024,Patricia Hernandez,CU-10143,Ergonomic Accessories E,Technology,Central,11,1130.98,360.65,0.1
ORD-102987,03/08/2023,Ashley Davis,CU-10108,Professional Bookcases A,Furniture,Central,8,1693.55,198.49,0.3
ORD-102988,07/14/2023,Joshua Jackson,CU-10168,Wireless Art F,Office Supplies,West,10,4092.7,453.87,0
ORD-102989,01/31/2024,Thomas Martin,CU-10085,Ergonomic Storage E,Office Supplies,Central,11,1979.03,347.47,0.2
ORD-102990,09/27/2023,Mark Miller,CU-10129,Basic Paper E,Office Supplies,West,9,4828.59,1125.26,0
ORD-102991,04/03/2024,James Hernandez,CU-10053,Standard Furnishings F,Furniture,East,3,109.11,5.78,0
ORD-102992,12/02/2024,John Miller,CU-10189,Premium Binders A,Office Supplies,West,6,1230.78,86.15,0
ORD-102993,08/20/2023,Steven Martinez,CU-10050,Deluxe Fasteners C,Office Supplies,South,3,1339.63,385.61,0.1
ORD-102994,05/24/2024,Emily Gonzalez,CU-10214,Basic Paper E,Office Supplies,West,10,5534.73,938.98,0.1
ORD-102995,02/08/2024,Anthony Sanchez,CU-10210,Basic Envelopes C,Office Supplies,East,3,1987.56,470.57,0
ORD-102996,01/26/2024,Mary Rodriguez,CU-10132,Compact Monitors F,Technology,South,4,855.44,120.64,0
ORD-102997,07/07/2024,Michelle Taylor,CU-10088,Deluxe Art D,Office Supplies,West,2,448.9,17.68,0
ORD-102998,11/23/2024,Anthony Martinez,CU-10023,Deluxe Art D,Office Supplies,Central,2,1086.18,387.56,0.15
ORD-102999,10/01/2024,Barbara Garcia,CU-10078,Eco Envelopes F,Office Supplies,Central,11,9874.92,3663.24,0
ORD-103000,09/18/2024,David Gonzalez,CU-10159,Compact Bookcases B,Furniture,Central,5,1824.3,-208.1,0